Fix,Provider,LatitudeDegrees,LongitudeDegrees,AltitudeMeters,SpeedMps,AccuracyMeters,BearingDegrees,UnixTimeMillis,SpeedAccuracyMps,BearingAccuracyDegrees,elapsedRealtimeNanos,VerticalAccuracyMeters,TransitType
Fix,GPS,37.4272769134,-122.1730015847,-5.356896566322412,0.0,39.231476,,1675902237286,1.2011219,,4256749837728852,74.960304,Bike
Fix,FLP,37.4272898,-122.1730171,0.1999999582767486,0.8265376,25.018,135.06642,1675902239222,1.2011219,,4256749837728852,1.6392305,Bike
Fix,GPS,37.4272198084,-122.1730268818,-2.1935373512439176,0.0,10.154328,,1675902238286,0.85237676,,4256750861577973,20.78206,Bike
Fix,FLP,37.4272236,-122.1730259,0.1999999582767486,2.5257146,20.063,175.66011,1675902240245,0.85237676,,4256750861577973,1.6495967,Bike
Fix,NLP,37.4272329,-122.1729672,0.1999999582767486,,16.71,,1675902241034,,,4256751649000000,1.680095,Bike
Fix,FLP,37.4272152,-122.173026,0.1999999582767486,1.9310026,20.24,176.98512,1675902241033,0.85237676,,4256751649000000,1.5730207,Bike
Fix,GPS,37.4272162442,-122.1730419641,1.8134585172961284,0.0,11.128722,,1675902239286,0.6374493,,4256751889914074,21.510424,Bike
Fix,FLP,37.4272136,-122.173034,0.1999999582767486,1.7795305,17.962,191.77606,1675902241274,0.6374493,,4256751889914074,1.5761907,Bike
Fix,GPS,37.4272229636,-122.1730179261,4.434779096386791,0.0,10.419152,,1675902240286,0.61860764,,4256752920202568,23.673502,Bike
Fix,FLP,37.4272164,-122.1730232,0.1999999582767486,0.7170584,16.453,151.92145,1675902242304,0.61860764,,4256752920202568,1.5874472,Bike
Fix,GPS,37.427231773,-122.1729591514,10.096336557618192,0.0,10.682058,,1675902241286,0.34093377,,4256753890954562,18.83932,Bike
Fix,FLP,37.427226,-122.172976,0.1999999582767486,2.2119384,15.491,85.20555,1675902243275,0.34093377,,4256753890954562,1.5972757,Bike
Fix,GPS,37.4272355949,-122.172948387,9.091553763500505,0.0,9.945851,,1675902242286,20.0,,4256754917197279,17.248621,Bike
Fix,FLP,37.4272337,-122.1729489,0.1999999582767486,2.3176563,10.61,77.67483,1675902244302,20.0,,4256754917197279,1.6067693,Bike
Fix,FLP,37.4272393,-122.1729432,0.1999999582767486,1.7933367,10.388,68.117065,1675902244993,20.0,,4256755608774143,1.6137693,Bike
Fix,GPS,37.4272453369,-122.1729487877,8.817901664781287,0.0,9.324925,,1675902244000,20.0,,4256756603673232,15.362778,Bike
Fix,FLP,37.4272453,-122.172943,-3.705381920663768,1.0417202,10.196,50.094368,1675902245987,20.0,,4256756603673232,1.6247892,Bike
Fix,NLP,37.4272789,-122.1728963,0.1999999582767486,,17.412,,1675902246071,,,4256756686000000,1.6043689,Bike
Fix,FLP,37.4272456,-122.172945,-3.4410662060499817,0.92252344,9.987,44.8926,1675902246070,20.0,,4256756686000000,1.5970583,Bike
Fix,GPS,37.427247744,-122.1729489606,8.70750794381733,0.0,9.121389,,1675902245000,0.62833786,,4256757630434056,14.648624,Bike
Fix,FLP,37.4272488,-122.1729456,-4.189257287349889,0.594935,9.764,30.216372,1675902247015,0.62833786,,4256757630434056,1.6071483,Bike
Fix,GPS,37.4272488288,-122.1729478754,9.13952702063192,0.0,9.065043,,1675902246000,0.5929311,,4256758575030000,14.134752,Bike
Fix,FLP,37.42725,-122.1729464,-4.189257287349889,0.35781983,9.613,19.710052,1675902247960,0.5929311,,4256758575030000,1.6170546,Bike
Fix,GPS,37.4272481259,-122.1729501775,9.225372832110027,0.0,9.118009,,1675902247000,20.0,,4256759575021000,13.77277,Bike
Fix,FLP,37.4272493,-122.1729489,-3.536862561267725,0.14492308,9.439,341.65128,1675902248959,20.0,,4256759575021000,1.6260545,Bike
Fix,GPS,37.427249105,-122.1729574756,9.274477221721227,0.0,9.155293,,1675902248000,20.0,,4256760575049000,13.540339,Bike
Fix,FLP,37.4272489,-122.1729536,0.1999999582767486,0.27680957,9.245,281.2514,1675902249959,20.0,,4256760575049000,1.6370674,Bike
Fix,GPS,37.427252121,-122.1729672695,9.514737998547394,0.0,9.142818,,1675902249000,20.0,,4256761575064000,13.329656,Bike
Fix,FLP,37.4272513,-122.1729643,3.214395566466081,0.6406415,9.179,285.18524,1675902250960,20.0,,4256761575064000,1.6470175,Bike
Fix,NLP,37.427275,-122.1729441,0.1999999582767486,,19.557,,1675902251151,,,4256761766000000,1.7422651,Bike
Fix,FLP,37.4272518,-122.1729664,2.950079851852294,0.6854935,9.158,285.53107,1675902251151,20.0,,4256761766000000,1.5637256,Bike
Fix,GPS,37.427253457,-122.1729755304,9.812871310765722,0.0,9.081533,,1675902250000,20.0,,4256762575144000,13.269753,Bike
Fix,FLP,37.4272534,-122.1729745,3.192287154681736,0.78596926,9.149,284.52435,1675902251960,20.0,,4256762575144000,1.5734323,Bike
Fix,FLP,37.4272628,-122.1729577,3.192287154681736,0.033740394,8.838,,1675902252596,,,4256763211791958,1.5734323,Bike
Fix,GPS,37.4272541534,-122.1729855278,10.27209340352857,0.0,9.06654,,1675902251000,20.0,,4256763575142000,13.248556,Bike
Fix,GPS,37.4272549602,-122.1729947975,9.767968307554344,0.0,9.035816,,1675902252000,20.0,,4256764575152000,13.257662,Bike
Fix,FLP,37.4272667,-122.1729532,2.004024070448949,0.0011937846,8.197,,1675902253682,,,4256764297095180,1.5934323,Bike
Fix,FLP,37.4272677,-122.1729543,2.004024070448949,0.00076096185,7.802,,1675902254224,,,4256764839744779,1.5934323,Bike
Fix,FLP,37.427268,-122.1729547,2.004024070448949,0.00045188805,7.431,,1675902254767,,,4256765382396267,1.5934323,Bike
Fix,GPS,37.4272563257,-122.1729962594,8.591259433296486,0.0,8.950664,,1675902253000,0.5708159,,4256765575133000,13.259209,Bike
Fix,GPS,37.4272586212,-122.1729896388,9.113439624361256,0.0,12.629837,,1675902254000,0.7700595,,4256766575146000,13.158487,Bike
Fix,FLP,37.4272676,-122.1729554,-5.67151063555724,0.0002657448,6.719,,1675902255852,,,4256766467687649,1.608014,Bike
Fix,NLP,37.4272389,-122.1729348,0.1999999582767486,,15.93,,1675902256189,,,4256766804000000,1.2582655,Bike
Fix,GPS,37.4272603248,-122.1729842127,9.76763954747024,0.0,30.29587,,1675902255000,1.3990453,,4256767575143000,13.055393,Bike
Fix,FLP,37.4272664,-122.1729554,6.517420362268666,0.007729799,6.274,,1675902256937,,,4256767552976772,1.5963434,Bike
Fix,GPS,37.4272606611,-122.1729806007,9.375206925667808,0.0,30.289995,,1675902256000,1.5038989,,4256768575175000,12.976507,Bike
Fix,FLP,37.4272665,-122.1729552,6.517420362268666,0.00018202311,5.915,,1675902258022,,,4256768638261562,1.6021827,Bike
Fix,GPS,37.4272633199,-122.1729707633,9.418644693012592,0.0,9.149252,,1675902257000,20.0,,4256769575190000,12.9838295,Bike
Fix,FLP,37.4272665,-122.1729548,4.585208588587378,5.1766237e-05,5.971,,1675902259108,,,4256769723541348,1.5952377,Bike
Fix,FLP,37.4272657,-122.1729551,4.585208588587378,0.00048016914,6.166,,1675902259651,,,4256770266182889,1.5952377,Bike
Fix,GPS,37.427257767,-122.172954591,9.564581726057073,0.0,9.202249,,1675902258000,20.0,,4256770575231000,13.004828,Bike
Fix,FLP,37.4272644,-122.1729561,4.585208588587378,0.00051353633,6.157,,1675902260192,,,4256770808817472,1.6171831,Bike
Fix,FLP,37.4272638,-122.1729561,4.585208588587378,0.00037479916,6.17,,1675902260735,,,4256771351447598,1.6171831,Bike
Fix,GPS,37.4272653563,-122.1729275045,8.230134187669428,2.9978049,8.959298,94.96742,1675902259000,0.6017028,11.322919,4256771575243000,12.747256,Bike
Fix,NLP,37.4273202,-122.1728024,0.1999999582767486,,27.497,,1675902261185,,,4256771800000000,1.4667186,Bike
Fix,FLP,37.4272634,-122.172957,9.969546728296535,2.1099021,6.171,359.2655,1675902261279,,,4256771894089932,1.5716697,Bike
Fix,GPS,37.427265622,-122.1728944309,7.999781468369842,3.4305418,8.544822,96.25172,1675902260000,0.6511906,10.570944,4256772575221000,12.484553,Bike
Fix,FLP,37.4272699,-122.1729558,21.750811597517767,2.8413804,6.208,359.36908,1675902261820,,,4256772436724636,1.5796697,Bike
Fix,FLP,37.4272741,-122.1729234,21.750811597517767,3.2128494,6.576,87.18625,1675902262906,,,4256773521991543,1.5796697,Bike
Fix,GPS,37.4272626478,-122.172860621,8.048808648619422,3.488258,8.335816,100.364296,1675902261000,0.65833557,10.916443,4256773575254000,12.302635,Bike
Fix,GPS,37.4272595208,-122.1728218455,9.130425961398196,3.483003,8.170694,105.97667,1675902262000,0.6288579,10.191925,4256774575245000,11.892429,Bike
Fix,FLP,37.4272612,-122.1728717,30.7028497569494,3.456304,7.206,100.278595,1675902263992,,,4256774607254666,1.5992211,Bike
Fix,FLP,37.427251,-122.1728371,30.7028497569494,3.4722726,7.682,105.75663,1675902264534,,,4256775149885037,1.5992211,Bike
Fix,GPS,37.4272548723,-122.1727833651,9.255343412240952,3.3635788,8.05483,111.195496,1675902263000,0.6604244,10.599691,4256775575299000,11.553439,Bike
Fix,FLP,37.4272482,-122.1728284,26.15227691189444,3.4621508,7.983,109.75755,1675902265077,,,4256775692503018,1.6091512,Bike
Fix,FLP,37.4272401,-122.1727956,26.15227691189444,3.364213,8.391,116.27849,1675902265620,,,4256776235143154,1.6091512,Bike
Fix,GPS,37.4272466076,-122.1727530733,9.776490945786003,2.7709422,8.017726,119.75656,1675902264000,0.59787947,11.984192,4256776575240000,11.3731575,Bike
Fix,FLP,37.4272342,-122.1727753,21.40237374602516,2.9629126,8.881,118.407104,1675902266150,,,4256776765000000,1.6191512,Bike
Fix,NLP,37.4272899,-122.1727691,0.1999999582767486,,27.878,,1675902266235,,,4256776850000000,2.4993162,Bike
Fix,FLP,37.4272268,-122.1727523,21.297693481572946,2.8193965,9.582,118.24136,1675902266705,,,4256777320397976,1.5644451,Bike
Fix,GPS,37.427230359,-122.1727285432,8.727009749990744,2.681175,8.084562,128.09818,1675902265000,0.7505734,15.287676,4256777575332000,11.236059,Bike
Fix,GPS,37.4271989604,-122.17271985,8.25858662510123,3.1723483,7.4726157,158.09473,1675902266000,0.47673887,10.0,4256778575516000,10.647953,Bike
Fix,FLP,37.4272169,-122.1727318,30.325693291369163,2.6654093,9.665,137.67488,1675902267789,,,4256778405650418,1.5830283,Bike
Fix,FLP,37.4272044,-122.1727183,30.325693291369163,3.0860596,9.524,153.3529,1675902268293,,,4256778909000000,1.5830283,Bike
Fix,GPS,37.4271630845,-122.1727160331,8.440297207192588,3.8856976,7.028928,172.79646,1675902267000,0.4436183,10.0,4256779575376000,9.962368,Bike
Fix,FLP,37.4271902,-122.1727072,-21.16720070748198,3.1803706,9.403,164.19453,1675902268875,,,4256779490900540,1.5950193,Bike
Fix,FLP,37.4271675,-122.1727019,-21.16720070748198,3.7963316,9.212,172.33725,1675902269418,,,4256780033525112,1.5950193,Bike
Fix,GPS,37.4271143626,-122.1727207515,8.01645045010154,3.5537395,6.32742,173.91328,1675902268000,0.09222333,10.0,4256780575342000,9.123978,Bike
Fix,FLP,37.4271645,-122.1727021,-10.584057917760203,3.8524015,9.101,173.0105,1675902269961,,,4256780576149198,1.6324899,Bike
Fix,GPS,37.4270768227,-122.1727155998,8.07169259580867,2.9923987,6.025753,163.9033,1675902269000,0.37242258,10.0,4256781575376000,8.829598,Bike
Fix,FLP,37.4271244,-122.1726974,-8.038502475197618,3.5808265,9.195,170.05907,1675902271045,,,4256781661397183,1.64246,Bike
Fix,FLP,37.4270902,-122.1726951,-8.038502475197618,3.060195,9.331,158.48412,1675902271589,,,4256782204017605,1.64246,Bike
Fix,GPS,37.4270490153,-122.1727042071,7.8682042168504225,2.886362,6.097932,157.64626,1675902270000,0.43045345,10.0,4256782575615000,8.676372,Bike
Fix,FLP,37.4270499,-122.1726855,-6.120263687203234,2.903155,9.781,153.35373,1675902272674,,,4256783289260952,1.65247,Bike
Fix,GPS,37.4270232978,-122.1726879745,8.15398057234362,2.5576642,6.003125,160.6556,1675902271000,0.38396364,10.0,4256783575490000,8.371977,Bike
Fix,GPS,37.426996417,-122.1726743841,8.463280833238143,3.089387,5.6837096,166.81647,1675902272000,0.09859191,10.0,4256784575437000,8.035041,Bike
Fix,FLP,37.4270144,-122.1726749,34.15220731706746,2.5924094,10.34,165.23494,1675902273759,,,4256784374502346,1.67257,Bike
Fix,FLP,37.4269953,-122.1726735,34.15220731706746,3.0014343,10.369,166.66498,1675902274302,,,4256784917122524,1.67257,Bike
Fix,GPS,37.4269666528,-122.1726583115,8.411160089246549,2.884954,5.5228763,165.48094,1675902273000,0.3601392,10.0,4256785575418000,7.66074,Bike
Fix,FLP,37.4269771,-122.1726709,34.15220731706746,3.0819452,10.619,170.40985,1675902274844,,,4256785459741909,1.68247,Bike
Fix,FLP,37.4269545,-122.1726642,34.15220731706746,2.9056454,10.337,163.86467,1675902275386,,,4256786002360928,1.68247,Bike
Fix,GPS,37.4269400401,-122.1726459188,8.603006891006055,2.9967694,5.374563,164.63484,1675902274000,0.36200446,10.0,4256786575449000,7.3056984,Bike
Fix,FLP,37.426948,-122.1726597,23.95909857893537,2.8757846,10.121,157.23859,1675902275928,,,4256786544981778,1.69246,Bike
Fix,FLP,37.4269282,-122.1726502,23.95909857893537,2.9907088,9.913,163.086,1675902276430,,,4256787045678249,1.69246,Bike
Fix,GPS,37.426911177,-122.1726360698,8.390920915182377,3.5799983,5.3391814,162.48553,1675902275000,0.38109708,10.0,4256787575487000,7.080655,Bike
Fix,FLP,37.426914,-122.1726449,23.95909857893537,2.9944355,9.723,161.11862,1675902277015,,,4256787630215055,1.69246,Bike
Fix,FLP,37.4268957,-122.1726382,19.55371881758567,3.4590647,9.426,156.62386,1675902277556,,,4256788172820706,1.7027199,Bike
Fix,GPS,37.4268830332,-122.1726163867,8.172509587450813,3.2517197,5.026976,150.04459,1675902276000,0.074905545,10.0,4256788575490000,6.7663927,Bike
Fix,FLP,37.4268894,-122.1726344,3.880172323039261,3.5208337,9.361,152.64674,1675902278100,,,4256788715448940,1.7124699,Bike
Fix,GPS,37.4268532027,-122.1726010152,8.967902720330159,3.1082182,4.7246923,153.1254,1675902277000,0.037435494,10.0,4256789575520000,6.5137854,Bike
Fix,FLP,37.4268666,-122.1726166,2.008099411720835,3.3009782,8.996,149.53084,1675902278643,,,4256789258065151,1.7224699,Bike
Fix,GPS,37.4268274695,-122.1725877052,9.392292835934388,2.6674862,5.5726566,154.08646,1675902278000,0.028383957,10.0,4256790575507000,6.3262625,Bike
Fix,FLP,37.4268392,-122.1726008,0.1999999582767486,3.1386774,8.87,155.12912,1675902279728,,,4256790343295864,1.7324699,Bike
Fix,GPS,37.4268142455,-122.1725735503,9.66551385138912,2.0915987,4.5642586,138.75342,1675902279000,0.031192107,10.0,4256791575459000,6.233716,Bike
Fix,FLP,37.426811,-122.1725843,0.1999999582767486,2.7211454,8.859,152.7955,1675902280813,,,4256791428525051,1.74253,Bike
Fix,GPS,37.4268045162,-122.1725583625,9.8254691749951,1.9178557,4.390914,130.71443,1675902280000,0.038140118,10.0,4256792575513000,5.970392,Bike
Fix,FLP,37.4267958,-122.1725618,0.1999999582767486,2.1318629,8.733,128.14963,1675902281898,,,4256792513752042,1.7524699,Bike
Fix,GPS,37.4267990403,-122.1725437052,9.588469168794116,1.6546906,4.391165,126.14552,1675902281000,0.026497338,10.0,4256793575559000,5.740072,Bike
Fix,FLP,37.4267881,-122.1725397,0.1999999582767486,1.9363645,8.442,124.1706,1675902282983,,,4256793598977383,1.7624799,Bike
Fix,FLP,37.4267868,-122.1725298,0.1999999582767486,1.6748996,8.132,122.14791,1675902283526,,,4256794141588955,1.7624799,Bike
Fix,GPS,37.4267919852,-122.1725319729,9.196027145115066,1.5462776,4.6683464,121.684875,1675902282000,0.031507548,10.0,4256794575782000,5.5310984,Bike
Fix,FLP,37.4267857,-122.1725252,2.7725211519428257,1.662343,7.828,122.17353,1675902284069,,,4256794684186002,1.77247,Bike
Fix,GPS,37.4267852764,-122.1725174796,9.477768554490702,1.8741747,4.34979,142.70868,1675902283000,0.35883772,10.345901,4256795575571000,5.4230456,Bike
Fix,FLP,37.4267824,-122.1725163,5.312007592547204,1.5510572,7.657,118.372375,1675902284611,,,4256795226811367,1.7824899,Bike
Fix,FLP,37.4267819,-122.1725128,5.312007592547204,1.7854291,7.555,136.58084,1675902285154,,,4256795769422207,1.7824899,Bike
Fix,FLP,37.4267758,-122.1725073,5.312007592547204,1.8560908,7.471,144.81122,1675902285696,,,4256796312032314,1.7824899,Bike
Fix,GPS,37.426772047,-122.1725023526,9.75997009666732,2.2936974,4.349804,139.8838,1675902284000,0.42378557,10.137766,4256796575654000,5.3772426,Bike
Fix,FLP,37.4267683,-122.1725001,23.391039281830444,2.2169738,7.083,140.33641,1675902286238,,,4256796854645108,1.79247,Bike
Fix,GPS,37.4267479214,-122.1724736229,9.772077995372731,3.5589504,4.669066,136.31218,1675902285000,0.052497312,10.0,4256797575537000,5.291373,Bike
Fix,FLP,37.4267618,-122.1724924,29.580036138022805,2.2788622,6.948,139.15298,1675902286782,,,4256797397251615,1.8014599,Bike
Fix,FLP,37.4267477,-122.1724746,29.580036138022805,3.2663448,7.011,135.09262,1675902287324,,,4256797939863125,1.8014599,Bike
Fix,GPS,37.4267237292,-122.1724449162,9.773378885113877,4.077577,4.669306,129.06064,1675902286000,0.39381564,10.0,4256798575624000,5.276834,Bike
Fix,FLP,37.4267377,-122.1724611,23.1841598487596,3.481312,7.089,132.66287,1675902287867,,,4256798482468900,1.81249,Bike
Fix,FLP,37.42672,-122.1724372,23.1841598487596,3.965543,7.107,124.903656,1675902288410,,,4256799025076504,1.81249,Bike
Fix,GPS,37.426703487,-122.1724077548,9.72398839709432,3.6333594,4.669546,112.803375,1675902287000,0.382153,10.0,4256799575644000,5.2923913,Bike
Fix,FLP,37.426713,-122.1724228,-3.454368401996618,4.1039696,7.179,117.04868,1675902288952,,,4256799567684902,1.8225099,Bike
Fix,GPS,37.4266924488,-122.1723679915,9.583552259002053,3.2026029,4.387703,108.172455,1675902288000,0.34603968,10.0,4256800575651000,5.205668,Bike
Fix,FLP,37.4266986,-122.1723784,0.1999999582767486,3.7236364,7.25,103.85947,1675902290037,,,4256800652899258,1.8325299,Bike
Fix,FLP,37.4266899,-122.1723504,0.1999999582767486,3.2756865,7.338,106.836624,1675902290579,,,4256801195505947,1.8325299,Bike
Fix,GPS,37.4266850737,-122.1723321871,9.565020254602224,3.3316755,4.670025,104.415245,1675902289000,0.47393912,10.0,4256801575670000,5.2833714,Bike
Fix,FLP,37.4266844,-122.1723363,-1.5855222800287834,3.2254567,7.448,108.30707,1675902291122,,,4256801738109464,1.8424599,Bike
Fix,FLP,37.4266773,-122.1723088,-1.5855222800287834,3.3198862,7.526,104.76893,1675902291665,,,4256802280718838,1.8424599,Bike
Fix,GPS,37.4266764406,-122.1722934888,9.604329506434963,3.2983549,4.495331,107.29647,1675902290000,0.08525351,10.0,4256802575658000,5.130971,Bike
Fix,FLP,37.4266739,-122.1722929,0.1999999582767486,3.2954988,7.518,106.25516,1675902292208,,,4256802823321621,1.8524599,Bike
Fix,GPS,37.4266692191,-122.1722651609,10.00878359072316,2.6375854,5.352789,108.91932,1675902291000,0.06454083,10.0,4256803575678000,5.062994,Bike
Fix,FLP,37.4266696,-122.1722756,0.1999999582767486,3.2954943,7.438,107.6953,1675902292749,,,4256803365929593,1.8624899,Bike
Fix,FLP,37.4266662,-122.1722615,0.1999999582767486,2.756427,7.553,108.21823,1675902293293,,,4256803908535000,1.8624899,Bike
Fix,GPS,37.4266617467,-122.1722383768,9.873675171904194,2.5996435,5.3530083,112.80966,1675902292000,0.46408278,10.0,4256804575767000,5.069381,Bike
Fix,FLP,37.4266617,-122.1722448,0.1999999582767486,2.6528144,7.695,111.37978,1675902293835,,,4256804451140225,1.8725,Bike
Fix,FLP,37.4266568,-122.1722327,0.1999999582767486,2.6078894,7.839,113.03834,1675902294377,,,4256804993744901,1.8725,Bike
Fix,GPS,37.4266488622,-122.1722161526,9.783433395242458,2.7136862,6.2572293,143.03738,1675902293000,0.44058922,10.0,4256805575699000,5.0960016,Bike
Fix,FLP,37.4266514,-122.1722209,3.412367540879657,2.5862415,8.08,120.42474,1675902294920,,,4256805536349392,1.8824899,Bike
Fix,FLP,37.4266288,-122.1721968,3.412367540879657,2.6677446,8.437,163.92712,1675902296006,,,4256806621558010,1.8824899,Bike
Fix,GPS,37.4266238863,-122.1722034237,9.735647921756886,2.9772835,6.2572484,167.76442,1675902294000,0.4732836,10.0,4256806575789000,5.1523666,Bike
Fix,FLP,37.4266036,-122.1721955,29.643816865878943,2.9435327,8.709,178.08842,1675902296549,,,4256807164161953,1.89253,Bike
Fix,GPS,37.4265932585,-122.1722020986,9.332859551669603,3.3659167,6.388299,197.79083,1675902295000,0.48360315,10.0,4256807575718000,5.195379,Bike
Fix,FLP,37.4265985,-122.1721979,29.643816865878943,2.9382992,9.045,185.13826,1675902297090,,,4256807706765408,1.90264,Bike
Fix,FLP,37.426576,-122.1722049,29.643816865878943,3.2713244,9.219,197.63617,1675902297634,,,4256808249368679,1.90264,Bike
Fix,GPS,37.4265592407,-122.1722165356,9.144846520273603,3.8032622,6.4445977,208.7987,1675902296000,0.49864003,10.0,4256808575699000,5.3029103,Bike
Fix,FLP,37.4265475,-122.1722221,27.15976129746036,3.6938958,9.669,206.82413,1675902298719,,,4256809334574490,1.91247,Bike
Fix,GPS,37.4265254113,-122.1722356678,9.172389112657465,4.0526233,6.2572985,204.92131,1675902297000,0.5062758,10.0,4256809575772000,5.458552,Bike
Fix,FLP,37.4265251,-122.1722391,-13.87118472368617,3.9949036,10.046,206.18034,1675902299262,,,4256809877177213,1.9225199,Bike
Fix,GPS,37.4264865292,-122.1722534529,9.131047210873584,3.60512,5.354331,201.59483,1675902298000,0.05829195,10.0,4256810575775000,5.208744,Bike
Fix,FLP,37.4265097,-122.1722502,-2.7877956384867417,4.0287967,10.231,208.66867,1675902299804,,,4256810419779812,2.000727,Bike
Fix,FLP,37.4264901,-122.1722568,-2.7877956384867417,3.7322285,10.126,204.00229,1675902300356,,,4256810971000000,2.000727,Bike
Fix,GPS,37.4264532166,-122.1722589566,9.282710845636,3.077787,5.1480446,186.65976,1675902299000,0.057554044,10.0,4256811575786000,5.1741195,Bike
Fix,FLP,37.426467,-122.172265,0.1999999582767486,3.647121,10.049,198.61343,1675902300889,,,4256811504986660,1.94153,Bike
Fix,FLP,37.4264462,-122.1722653,0.1999999582767486,3.14787,9.882,185.11507,1675902301430,,,4256812045678249,1.94153,Bike
Fix,GPS,37.4264263584,-122.1722546344,9.87606083861857,2.4389448,5.661654,168.59177,1675902300000,0.07301476,10.0,4256812575831000,5.1172338,Bike
Fix,FLP,37.4264294,-122.1722615,2.3138598127822547,3.046286,9.777,170.63374,1675902301974,,,4256812590186795,1.95247,Bike
Fix,FLP,37.4264088,-122.1722524,2.3138598127822547,2.5228276,9.669,161.34752,1675902302517,,,4256813132776638,1.95247,Bike
Fix,GPS,37.4264054729,-122.1722481396,10.537370125842507,2.1142936,4.4748163,168.72943,1675902301000,0.06910474,10.0,4256813575817000,5.0730586,Bike
Fix,FLP,37.4264039,-122.172249,2.919863189027012,2.4664965,9.839,158.37811,1675902303060,,,4256813675388271,1.9624699,Bike
Fix,NLP,37.4279109,-122.172302,-3.900000095367432,,142.5,,1675902301129,,,4256811744000000,49.510414,Bike
Fix,FLP,37.4263918,-122.1722396,3.187305639561089,2.1142936,9.662,168.19783,1675902303601,,,4256814217990505,1.6233562,Bike
Fix,GPS,37.4263897314,-122.1722453535,10.927882996449684,1.9057624,4.4369106,173.06012,1675902302000,0.06907419,10.0,4256814575813000,5.025641,Bike
Fix,FLP,37.4263789,-122.1722423,3.187305639561089,1.9245353,8.891,172.63182,1675902304144,,,4256814760591275,1.6409888,Bike
Fix,GPS,37.4263757023,-122.1722465789,11.00367837152904,1.7254934,4.3370805,183.91348,1675902303000,0.08876315,10.0,4256815575807000,4.9955707,Bike
Fix,FLP,37.4263724,-122.1722438,3.187305639561089,1.9073929,8.672,178.20406,1675902304688,,,4256815303192105,1.637708,Bike
Fix,FLP,37.4263572,-122.1722463,3.187305639561089,1.743056,8.468,187.58292,1675902305773,,,4256816388394070,1.637708,Bike
Fix,GPS,37.4263624183,-122.1722490824,11.022111277470596,1.4113808,5.580763,188.89813,1675902304000,0.048628233,10.0,4256816575905000,4.9697127,Bike
Fix,GPS,37.4263513534,-122.1722515621,10.978672314798082,1.0737638,6.5036764,199.18149,1675902305000,0.05287632,10.0,4256817575893000,4.9429655,Bike
Fix,FLP,37.4263442,-122.1722491,3.203957996489521,1.4399109,8.413,192.18892,1675902306858,,,4256817473597378,1.6630418,Bike
Fix,GPS,37.4263443422,-122.1722568102,10.76090098231809,0.79967797,6.503767,205.68474,1675902306000,0.056899574,10.0,4256818575863000,4.919658,Bike
Fix,FLP,37.426334,-122.1722562,2.6519246150266014,1.101124,8.39,205.29898,1675902307942,,,4256818558804226,1.6593713,Bike
Fix,GPS,37.4263348066,-122.1722626451,10.729982360339648,1.2005948,6.503856,209.11539,1675902307000,0.050655346,10.0,4256819576067000,4.9031777,Bike
Fix,FLP,37.4263247,-122.1722661,3.3654370983792177,0.82066363,8.286,209.61333,1675902309029,,,4256819644006131,1.6943667,Bike
Fix,GPS,37.426318622,-122.1722712639,10.945857242249309,1.7198905,5.708592,206.78035,1675902308000,0.07363152,10.0,4256820575865000,4.8819475,Bike
Fix,FLP,37.426318,-122.1722725,27.241741703451545,1.1681833,8.404,201.6098,1675902310114,,,4256820729210965,1.6699243,Bike
Fix,FLP,37.4263114,-122.1722763,27.241741703451545,1.6585467,8.265,212.4698,1675902310656,,,4256821271813076,1.6699243,Bike
Fix,GPS,37.4263001192,-122.1722850549,11.065048997399044,2.3320584,5.582288,215.31688,1675902309000,0.053919494,10.0,4256821575931000,4.8608184,Bike
Fix,FLP,37.426295,-122.1722919,29.327448934495244,2.2605374,8.399,218.19928,1675902311742,,,4256822357017239,1.6994098,Bike
Fix,GPS,37.4262817795,-122.1722997546,11.157186778543196,3.1871192,5.5825925,219.24991,1675902310000,0.44089615,10.0,4256822575915000,4.885651,Bike
Fix,FLP,37.426274,-122.1723132,25.547135577050422,3.0462878,8.472,224.50655,1675902312826,,,4256823442219998,1.7337072,Bike
Fix,GPS,37.4262584102,-122.1723271359,11.464242932861568,3.45376,5.8123775,223.94333,1675902311000,0.05250091,10.0,4256823575902000,4.8477383,Bike
Fix,FLP,37.4262448,-122.1723438,23.71072601526206,3.4187067,8.543,214.41385,1675902313911,,,4256824527422878,1.6740296,Bike
Fix,GPS,37.4262281607,-122.1723378182,11.663274887162398,3.3287868,5.812733,201.39287,1675902312000,0.054744717,10.0,4256824575935000,4.8291793,Bike
Fix,NLP,37.4261787,-122.1723559,1.2999999523162842,,32.318,,1675902313888,,,4256824503000000,2.9954274,Bike
Fix,GPS,37.426200059,-122.1723436889,11.660421627017437,3.1638808,5.7090573,192.89742,1675902313000,0.06397683,10.0,4256825575955000,4.812324,Bike
Fix,FLP,37.4262077,-122.1723594,21.23802125390529,3.4398828,8.939,212.31773,1675902314996,,,4256825612610135,1.6835902,Bike
Fix,FLP,37.4261838,-122.172358,21.23802125390529,3.1504679,9.172,188.55428,1675902315540,,,4256826155225186,1.6835902,Bike
Fix,GPS,37.4261693738,-122.1723445558,11.697136728198716,3.2244961,6.504478,183.85721,1675902314000,0.094274804,10.0,4256826576033000,4.7774644,Bike
Fix,FLP,37.4261799,-122.1723552,21.69973345240585,3.1562853,9.42,184.27113,1675902316082,,,4256826697813809,2.0119505,Bike
Fix,FLP,37.4261548,-122.1723522,21.69973345240585,3.212099,9.613,178.83882,1675902316624,,,4256827240425565,2.0119505,Bike
Fix,GPS,37.4261370942,-122.1723409062,11.979745228089143,3.3918278,5.6890497,176.78284,1675902315000,0.08639084,1.6826649,4256827576083000,4.7670755,Bike
Fix,FLP,37.4261273,-122.1723447,21.23802125390529,3.3714669,9.67,176.11983,1675902317671,,,4256828286000001,1.6980641,Bike
Fix,GPS,37.4261049531,-122.1723313264,12.38704730736724,3.579591,5.663615,168.7485,1675902316000,0.0947884,1.6794597,4256828576066000,4.726513,Bike
Fix,FLP,37.4261081,-122.1723382,25.01994908831617,3.5044496,9.599,170.8266,1675902318179,,,4256828794000000,1.715489,Bike
Fix,FLP,37.4260841,-122.1723304,25.01994908831617,3.542323,9.52,163.47868,1675902318687,,,4256829302304166,1.715489,Bike
Fix,GPS,37.4260735785,-122.1723226624,12.49666789417392,3.2752063,6.50474,158.32399,1675902317000,0.47223124,7.3525586,4256829576264000,4.767841,Bike
Fix,FLP,37.4260533,-122.1723138,26.365807020128337,3.274682,9.632,143.3732,1675902319772,,,4256830387502407,2.043703,Bike
Fix,GPS,37.4260439747,-122.1723056298,12.818764738190444,3.8900373,5.1938906,141.61565,1675902318000,0.5064813,10.0,4256830576067000,4.7130427,Bike
Fix,FLP,37.4260283,-122.1722856,26.365807020128337,3.8071234,9.839,123.828995,1675902320857,,,4256831472688748,1.7347298,Bike
Fix,GPS,37.426021038,-122.1722724607,12.758700086642238,4.2053204,5.5853205,121.97114,1675902319000,0.3878665,5.036926,4256831576036000,4.6998706,Bike
Fix,FLP,37.4260132,-122.172255,23.07237624738596,4.1584916,9.771,116.40656,1675902321400,,,4256832015298550,1.745489,Bike
Fix,GPS,37.4260049337,-122.17223118,12.724151587914506,4.613578,5.757347,114.91942,1675902320000,0.3717628,10.0,4256832576104000,4.7291174,Bike
Fix,FLP,37.4260091,-122.1722435,25.90209556880167,4.2158146,9.634,113.377556,1675902321941,,,4256832557897000,2.199262,Bike
Fix,FLP,37.425998,-122.1722128,25.90209556880167,4.5170517,9.57,114.00979,1675902322484,,,4256833100495388,2.199262,Bike
Fix,GPS,37.4259883755,-122.1721824709,11.94910699399988,4.677374,5.5859184,110.70942,1675902321000,0.38738126,10.0,4256833576105000,4.7724905,Bike
Fix,FLP,37.4259908,-122.1721947,18.368886354352377,4.569542,9.728,116.70835,1675902323028,,,4256833643094754,1.8520547,Bike
Fix,GPS,37.4259748935,-122.1721300923,11.86240486833278,4.7432585,5.8105845,109.35152,1675902322000,0.3971372,10.0,4256834576150000,4.8115172,Bike
Fix,FLP,37.4259747,-122.1721457,-5.20691437707697,4.6866827,9.85,114.53147,1675902324113,,,4256834728286343,1.8483101,Bike
Fix,GPS,37.4259682704,-122.1720630093,12.85431349035016,5.2065353,5.8958244,101.09838,1675902323000,0.062181596,10.0,4256835576169000,4.5140643,Bike
Fix,FLP,37.4259628,-122.1721001,-2.464022187139051,4.7397447,9.843,110.745575,1675902324655,,,4256835270887234,2.1089375,Bike
Fix,FLP,37.4259624,-122.1720717,-2.464022187139051,5.148373,9.785,104.59582,1675902325198,,,4256835813485073,2.1089375,Bike
Fix,FLP,37.4259614,-122.1720403,-2.464022187139051,5.2135196,9.834,101.83693,1675902325741,,,4256836356083096,2.1089375,Bike
Fix,GPS,37.4259601139,-122.1720027295,12.473700127216908,5.16039,5.5868077,102.0755,1675902324000,0.35379672,10.0,4256836576274000,4.453911,Bike
Fix,FLP,37.4259598,-122.1720137,-0.3538549149282772,5.162503,9.515,101.988075,1675902325960,0.35379672,10.0,4256836576274000,1.796236,Bike
Fix,GPS,37.4259501049,-122.1719436707,12.14384517405906,5.2067,6.6077757,105.26957,1675902325000,0.39729702,3.9544537,4256837576136000,4.4156485,Bike
Fix,FLP,37.4259501,-122.1719494,3.212031878324652,5.2064457,9.309,104.981766,1675902326961,0.39729702,3.9544537,4256837576136000,1.8057785,Bike
Fix,GPS,37.4259398794,-122.1718854354,11.886068655736972,5.0145235,5.5873985,105.03693,1675902326000,0.35672885,3.8372388,4256838576104000,4.4429464,Bike
Fix,FLP,37.4259393,-122.1718878,3.925086981368693,5.0156794,8.855,104.99949,1675902327960,0.35672885,3.8372388,4256838576104000,2.073304,Bike
Fix,GPS,37.4259285161,-122.171826658,11.361548938698986,4.8443084,5.3605103,103.11842,1675902327000,0.34925717,4.1391473,4256839576374000,4.475566,Bike
Fix,FLP,37.4259283,-122.1718287,1.2999999523162842,5.1850424,8.388,104.23501,1675902328961,,,4256839576374000,1.8192968,Bike
Fix,FLP,37.425925,-122.171791,1.2999999523162842,4.643656,8.39,82.326584,1675902329485,,,4256840100007839,1.8192968,Bike
Fix,GPS,37.4259206586,-122.1717685822,11.093835409720125,4.4389334,5.203278,105.30131,1675902328000,0.3819187,4.622886,4256840576362000,4.493792,Bike
Fix,FLP,37.4259268,-122.1717889,3.925086981368693,4.661182,8.636,74.69399,1675902330027,,,4256840642605496,1.8379399,Bike
Fix,FLP,37.4259241,-122.1717494,3.925086981368693,4.3471084,8.513,93.35822,1675902330570,,,4256841185206326,1.8379399,Bike
Fix,GPS,37.4259089384,-122.1717112896,10.337751761559204,4.3148017,6.6640177,107.91741,1675902329000,0.37115797,4.5137506,4256841576440000,4.5094676,Bike
Fix,FLP,37.4259176,-122.1717235,3.925086981368693,4.4020424,8.76,98.44054,1675902331111,,,4256841727800992,1.83279,Bike
Fix,GPS,37.425899267,-122.171657552,9.884781812606176,4.533743,5.3611307,107.32446,1675902330000,0.3406195,4.250843,4256842576313000,4.53732,Bike
Fix,FLP,37.4259064,-122.1716795,3.934170873863522,4.3341,9.397,102.0466,1675902331655,,,4256842270398649,2.1143138,Bike
Fix,FLP,37.425901,-122.1716589,3.934170873863522,4.46735,9.387,104.590965,1675902332196,,,4256842812996304,2.1143138,Bike
Fix,FLP,37.4258942,-122.1716304,3.934170873863522,4.520944,9.368,105.57325,1675902332740,,,4256843355594022,2.1143138,Bike
Fix,GPS,37.4258882162,-122.1716057466,9.310583705401166,4.592834,5.3613367,107.32156,1675902331000,0.32711393,4.0083804,4256843576189000,4.5552554,Bike
Fix,FLP,37.4258845,-122.1715931,3.84236264378788,4.577983,9.67,106.23247,1675902333282,,,4256843898191372,1.9557898,Bike
Fix,GPS,37.4258784414,-122.1715534463,8.949607804717873,4.5330043,5.521869,100.20663,1675902332000,0.32028508,3.9658422,4256844576231000,4.5654016,Bike
Fix,FLP,37.4258786,-122.1715701,1.2999999523162842,4.596618,9.653,106.15169,1675902333825,,,4256844440788784,1.9476894,Bike
Fix,FLP,37.425873,-122.1715395,1.2999999523162842,4.5699263,9.69,102.68309,1675902334368,,,4256844983386441,1.9476894,Bike
Fix,FLP,37.4258696,-122.171512,1.2999999523162842,4.5509048,9.553,101.32372,1675902334910,,,4256845525987637,1.9476894,Bike
Fix,NLP,37.4258224,-122.1714948,-0.5000001192092896,,17.033,,1675902334895,,,4256845510000000,2.3256056,Bike
Fix,GPS,37.4258726876,-122.1715023223,8.563038999067237,4.4527855,5.361747,99.83422,1675902333000,0.31415993,3.9844506,4256845576250000,4.6033583,Bike
Fix,FLP,37.4258666,-122.1714727,1.2999999523162842,4.4667006,9.561,99.39647,1675902335453,,,4256846068580593,2.0134676,Bike
Fix,GPS,37.4258661967,-122.1714529422,8.714233707276838,4.5080647,5.361951,99.87048,1675902334000,0.4283529,5.3788676,4256846576263000,4.694161,Bike
Fix,FLP,37.4258655,-122.1714559,1.2999999523162842,4.461849,9.546,98.5306,1675902335996,,,4256846611167446,1.7384444,Bike
Fix,FLP,37.4258606,-122.1714128,1.2999999523162842,4.481981,9.378,100.34548,1675902336538,,,4256847153774197,1.7384444,Bike
Fix,GPS,37.4258592471,-122.1714039099,9.213667547906896,4.3704367,5.362154,105.068756,1675902335000,0.4418483,5.725628,4256847576313000,4.796489,Bike
Fix,FLP,37.4258533,-122.1713716,3.833783411730934,4.3661876,9.363,104.61138,1675902337622,,,4256848238967190,1.7218462,Bike
Fix,GPS,37.4258470205,-122.1713580476,9.668732935095278,4.2129316,5.5256286,110.98224,1675902336000,0.42820328,5.6005173,4256848576332000,4.9000764,Bike
Fix,FLP,37.4258481,-122.171352,3.0692573984713505,4.236492,9.359,108.22176,1675902338166,,,4256848781563992,1.9768268,Bike
Fix,FLP,37.4258415,-122.1713281,3.0692573984713505,4.221465,9.379,108.40638,1675902338708,,,4256849324164333,1.9768268,Bike
Fix,GPS,37.4258329556,-122.1713114702,9.926549605388365,4.1858077,5.7357893,109.80268,1675902337000,0.46327507,6.221197,4256849576336000,5.0304785,Bike
Fix,FLP,37.4258303,-122.171292,1.2999999523162842,4.190219,9.429,108.359604,1675902339251,,,4256849866756008,1.765113,Bike
Fix,GPS,37.4258220866,-122.1712630148,9.83960511666498,4.265188,5.8163886,102.82991,1675902338000,0.47426972,6.462066,4256850576345000,5.1380258,Bike
Fix,FLP,37.4258253,-122.1712755,1.2999999523162842,4.2035313,9.44,106.67019,1675902339793,,,4256850409352017,1.7883666,Bike
Fix,FLP,37.4258201,-122.1712533,1.2999999523162842,4.2743225,9.389,103.37396,1675902340304,,,4256850919141873,1.7883666,Bike
Fix,FLP,37.4258153,-122.1712249,1.2999999523162842,4.2801914,9.385,101.28234,1675902340878,,,4256851494543179,1.7883666,Bike
Fix,GPS,37.4258155912,-122.1712149764,9.737316356190552,4.439776,5.7990994,97.60316,1675902339000,0.44139782,5.802802,4256851576329000,5.175084,Bike
Fix,FLP,37.4258131,-122.1711983,1.2999999523162842,4.4142942,9.392,99.26039,1675902341397,,,4256852012000000,1.7978356,Bike
Fix,GPS,37.4258133962,-122.1711709023,9.58551768055014,4.2580276,5.8114514,100.70736,1675902340000,0.44856355,5.902046,4256852576362000,5.2514935,Bike
Fix,FLP,37.4258115,-122.1711726,1.2999999523162842,4.426998,9.458,100.256035,1675902341964,,,4256852579734158,2.0274632,Bike
Fix,GPS,37.4258094881,-122.1711278119,9.041487492216556,4.1266055,5.7317095,99.98244,1675902341000,0.44566852,6.102311,4256853576425000,5.307356,Bike
Fix,FLP,37.4258049,-122.1711199,3.4018051014098205,4.281103,9.623,98.99776,1675902343049,,,4256853664926113,1.8232043,Bike
Fix,FLP,37.4258031,-122.1710916,3.4018051014098205,4.147385,9.691,97.01714,1675902343592,,,4256854207508755,1.8232043,Bike
Fix,GPS,37.4258061811,-122.1710873095,8.871130740143824,3.9480789,5.7119517,100.17911,1675902342000,0.45262247,6.5021744,4256854576474000,5.4084725,Bike
Fix,FLP,37.4258028,-122.1710795,2.944618458469293,3.9980824,9.73,97.92972,1675902344113,,,4256854729000001,1.9035847,Bike
Fix,GPS,37.4258007936,-122.1710427599,8.762556740108671,3.8493204,5.6866274,107.74396,1675902343000,0.4337371,6.455472,4256855576675000,5.4970493,Bike
Fix,FLP,37.4257989,-122.1710542,1.2999999523162842,3.9347625,9.658,101.0855,1675902344676,,,4256855292696316,1.9130149,Bike
Fix,FLP,37.4257971,-122.1710323,1.2999999523162842,3.8360376,9.701,105.942635,1675902345220,,,4256855835302457,1.9130149,Bike
Fix,FLP,37.4257918,-122.1710081,1.2999999523162842,3.8369596,9.815,107.98071,1675902345762,,,4256856377896511,1.9130149,Bike
Fix,GPS,37.4257928762,-122.1709994095,8.717692433795834,3.7797222,5.7068157,110.619225,1675902344000,0.44978943,6.732015,4256856576413000,5.5017242,Bike
Fix,FLP,37.4257877,-122.1709867,1.2999999523162842,3.7825284,9.864,109.87909,1675902346303,,,4256856919141873,2.1663644,Bike
Fix,FLP,37.4257818,-122.1709661,1.2999999523162842,3.7538996,9.944,115.405304,1675902346848,,,4256857463083706,2.1663644,Bike
Fix,GPS,37.4257779017,-122.1709574872,8.523922389576255,3.006392,5.834923,111.17374,1675902345000,0.45627782,8.15364,4256857576415000,5.567543,Bike
Fix,FLP,37.4257748,-122.1709455,1.2999999523162842,3.1610212,10.069,112.33777,1675902347390,,,4256858005677273,2.181452,Bike
Fix,FLP,37.4257698,-122.1709256,1.2999999523162842,3.037683,10.116,102.53289,1675902347933,,,4256858548267605,2.181452,Bike
Fix,GPS,37.4257654961,-122.1709299077,8.76655918825509,2.313035,5.9925976,107.54747,1675902346000,0.49361804,11.631066,4256858576538000,5.7170324,Bike
Fix,FLP,37.4257659,-122.1708991,3.0314113721983773,2.3824377,10.187,97.02829,1675902348475,,,4256859090863736,1.9241855,Bike
Fix,GPS,37.4257563584,-122.1709046912,9.180400470113264,2.1852372,5.913087,111.53819,1675902347000,0.39887702,9.608568,4256859576437000,5.656445,Bike
Fix,FLP,37.4257654,-122.1708945,3.0314113721983773,2.3401995,10.223,98.64554,1675902349018,,,4256859633456448,1.9546267,Bike
Fix,GPS,37.4257474892,-122.1708842654,9.533519379662335,2.1584332,6.0381184,124.72615,1675902348000,0.3900341,9.585797,4256860576492000,5.7310424,Bike
Fix,FLP,37.4257565,-122.1708771,2.9648027774890977,2.1676238,10.322,126.71053,1675902349561,,,4256860176049282,1.8899064,Bike
Fix,FLP,37.4257496,-122.1708728,2.9648027774890977,2.1577704,10.421,126.78593,1675902350103,,,4256860718641567,1.8899064,Bike
Fix,GPS,37.4257321374,-122.1708699443,8.920494071845729,2.514618,6.1065817,162.33145,1675902349000,0.42547396,8.939159,4256861576493000,5.787327,Bike
Fix,FLP,37.4257411,-122.1708651,5.085433994669245,2.1512961,10.6,139.33038,1675902350646,,,4256861261234280,2.1176999,Bike
Fix,FLP,37.4257325,-122.1708629,5.085433994669245,2.4351754,10.639,158.76424,1675902351188,,,4256861803826627,2.1176999,Bike
Fix,GPS,37.4256984113,-122.1708625247,8.786267441975589,3.5969462,6.260028,184.58685,1675902350000,0.5173091,7.942938,4256862576547000,5.953332,Bike
Fix,FLP,37.4257174,-122.1708618,6.275683344884342,2.5113163,10.558,170.47246,1675902351731,,,4256862346421536,1.894984,Bike
Fix,FLP,37.425705,-122.1708606,6.275683344884342,3.334722,10.536,179.73738,1675902352251,,,4256862867000000,1.894984,Bike
Fix,GPS,37.425653404,-122.1708687183,8.737662439869544,4.467172,6.3321056,201.19954,1675902351000,0.5282308,6.209996,4256863576517000,6.0939355,Bike
Fix,FLP,37.4256808,-122.1708617,19.969542517675592,3.53727,10.496,188.35614,1675902352816,,,4256863431592678,1.882224,Bike
Fix,FLP,37.4256426,-122.1708741,19.969542517675592,4.267458,10.425,197.83025,1675902353901,,,4256864516785549,1.882224,Bike
Fix,GPS,37.4256005259,-122.1708852774,9.255206214019925,5.3783374,6.4279776,202.37105,1675902352000,0.58904165,5.8119764,4256864576515000,6.3478255,Bike
Fix,FLP,37.4256029,-122.1708911,20.82661978753535,5.174548,10.448,198.517,1675902354444,,,4256865059379910,1.9293284,Bike
Fix,GPS,37.4255491552,-122.1709059194,10.610556602554784,5.6197076,6.638622,202.92302,1675902353000,0.59764665,5.866343,4256865576521000,6.5197945,Bike
Fix,FLP,37.4255704,-122.1709013,23.736274176705702,5.607839,10.15,201.9418,1675902354961,0.59764665,5.866343,4256865576521000,2.157095,Bike
Fix,GPS,37.4254884636,-122.1709295956,10.817701339094178,5.289034,6.743241,205.13625,1675902354000,0.6261285,5.972844,4256866576896000,6.8909717,Bike
Fix,FLP,37.4255037,-122.1709277,24.42071697058769,5.2951236,9.717,204.94496,1675902355961,0.6261285,5.972844,4256866576896000,2.1722627,Bike
Fix,GPS,37.4254350823,-122.170949311,11.714562918758793,4.92148,6.798726,203.43394,1675902355000,0.58507234,6.2762475,4256867576880000,7.2449107,Bike
Fix,FLP,37.4254459,-122.1709508,23.782306654451453,4.927356,9.254,203.02528,1675902356961,0.58507234,6.2762475,4256867576880000,1.9632043,Bike
Fix,GPS,37.4253840327,-122.1709644958,11.76996014165646,5.0589657,6.8015656,198.27052,1675902356000,0.5579338,5.919422,4256868576555000,7.5846725,Bike
Fix,FLP,37.4253987,-122.1709719,24.472823902692376,5.3333483,9.192,199.50676,1675902357961,,,4256868576555000,1.9478492,Bike
Fix,FLP,37.4253783,-122.1709847,24.472823902692376,4.7605686,9.259,249.83757,1675902358468,,,4256869083589260,1.9478492,Bike
Fix,GPS,37.4253364445,-122.1709747148,11.204028843501945,5.313925,6.742775,197.63824,1675902357000,0.5369377,5.6071324,4256869576668000,7.8173184,Bike
Fix,FLP,37.4253497,-122.1709851,24.472823902692376,5.27985,8.459,197.9506,1675902358961,0.5369377,5.6071324,4256869576668000,2.0546267,Bike
Fix,GPS,37.4252790975,-122.1709911017,14.045552031108164,5.793464,6.823411,197.01251,1675902358000,0.51511425,4.915905,4256870576950000,7.9578886,Bike
Fix,FLP,37.42529,-122.1709964,19.757182822121187,5.7873154,8.13,197.00978,1675902359961,0.51511425,4.915905,4256870576950000,2.3086975,Bike
Fix,GPS,37.4252219098,-122.1710105208,15.125129503033069,5.936245,6.9099526,194.45312,1675902359000,0.53190583,4.995792,4256871576757000,8.049828,Bike
Fix,FLP,37.4252298,-122.1710127,18.4270223825306,5.9342675,7.956,194.03673,1675902360961,0.53190583,4.995792,4256871576757000,2.3217065,Bike
Fix,GPS,37.4251663602,-122.1710247115,15.262551534119664,5.7860374,6.9647713,193.345,1675902360000,0.5180788,4.886732,4256872576953000,8.086523,Bike
Fix,FLP,37.4251714,-122.1710266,21.13205357401442,5.787933,8.185,193.0115,1675902361961,0.5180788,4.886732,4256872576953000,2.0686114,Bike
Fix,GPS,37.4251086367,-122.1710391237,15.04121532623678,5.991435,6.8784413,194.08896,1675902361000,0.512048,4.743696,4256873576642000,8.105354,Bike
Fix,FLP,37.4251137,-122.1710401,16.581524989754406,5.989037,7.526,193.98886,1675902362961,0.512048,4.743696,4256873576642000,2.0582411,Bike
Fix,GPS,37.4250548173,-122.171057786,14.858096635757288,5.8388963,6.7983494,194.69206,1675902362000,0.5455477,5.2229304,4256874576630000,8.219435,Bike
Fix,FLP,37.4250576,-122.1710572,15.64654587973198,5.8410344,6.852,193.99959,1675902363961,0.5455477,5.2229304,4256874576630000,2.0657454,Bike
Fix,GPS,37.4250103378,-122.1710661584,13.248987279069585,5.3338065,6.621826,193.06854,1675902363000,0.5130755,5.312,4256875576714000,8.210209,Bike
Fix,FLP,37.4250088,-122.1710691,5.645203844708462,5.33995,6.832,193.01134,1675902364961,0.5130755,5.312,4256875576714000,2.118337,Bike
Fix,GPS,37.4249660636,-122.1710722942,11.619244808756228,4.5402975,6.522988,196.12872,1675902364000,0.50840604,6.027003,4256876576915000,8.029797,Bike
Fix,FLP,37.4249636,-122.17108,1.2999999523162842,5.080637,7.71,195.07465,1675902365961,,,4256876576915000,2.37108,Bike
Fix,GPS,37.4249277186,-122.1710813851,10.611538486557729,4.0621877,6.4793997,203.11813,1675902365000,0.4930036,6.513634,4256877576706000,7.742959,Bike
Fix,FLP,37.4249419,-122.1710843,2.951682964644774,2.613279,8.149,315.27567,1675902366566,,,4256877181730130,2.0452278,Bike
Fix,FLP,37.4249338,-122.1710958,2.951682964644774,3.443554,8.736,204.46432,1675902367651,,,4256878266905362,2.0452278,Bike
Fix,GPS,37.4249006868,-122.1710887838,10.777711259113252,3.5893466,6.337166,201.17276,1675902366000,0.45917076,7.039877,4256878576705000,7.577812,Bike
Fix,FLP,37.4249046,-122.1710989,3.3796012053177407,3.6637704,9.527,198.55324,1675902368194,,,4256878809494046,2.0388572,Bike
Fix,FLP,37.4248867,-122.1711019,3.3796012053177407,3.6167178,9.701,190.6689,1675902368737,,,4256879352082242,2.0388572,Bike
Fix,GPS,37.4248639679,-122.1710974531,9.938398352960911,2.8913512,6.4866085,191.14084,1675902367000,0.49504235,8.99272,4256879577153000,7.512387,Bike
Fix,FLP,37.4248663,-122.1711016,5.486203229143371,3.0327826,10.318,188.88245,1675902369277,,,4256879892334134,2.0471318,Bike
Fix,FLP,37.4248478,-122.1711016,5.486203229143371,2.9006958,10.449,178.83504,1675902369822,,,4256880437257963,2.0471318,Bike
Fix,GPS,37.4248397921,-122.1710919941,8.874095103050841,2.1239183,6.790345,159.98099,1675902368000,0.54476374,13.898441,4256880576704000,7.6796274,Bike
Fix,FLP,37.4248298,-122.1710959,5.648232456887342,2.1976523,11.038,156.65721,1675902370364,,,4256880979845364,2.0567124,Bike
Fix,GPS,37.424820045,-122.1710569068,6.698315866480868,2.2811973,6.8310914,124.08033,1675902369000,0.5273843,12.7386,4256881576990000,7.718384,Bike
Fix,FLP,37.4248221,-122.1710884,5.50891741969356,2.1237724,11.142,142.2453,1675902370907,,,4256881522433317,2.102627,Bike
Fix,NLP,37.4253383,-122.1706997,-0.6000000238418579,,110.0,,1675902368652,,,4256879267000000,88.66749,Bike
Fix,GPS,37.4248177648,-122.1710300721,7.425667525746917,2.003847,6.928047,103.36354,1675902370000,0.49822402,14.000295,4256882576895000,7.7140226,Bike
Fix,FLP,37.4248025,-122.1710266,6.205010764606087,2.2675297,11.667,107.34883,1675902371992,,,4256882607608060,3.681144,Bike
Fix,GPS,37.4248245899,-122.170996214,7.1697024966918566,1.8691894,6.8601923,87.1436,1675902371000,0.4786954,14.9200945,4256883576851000,7.4737034,Bike
Fix,FLP,37.424806,-122.1709945,6.23126051116553,2.0227585,11.794,96.52739,1675902373080,,,4256883695000001,3.691154,Bike
Fix,GPS,37.4248349381,-122.1709723966,7.608762613952074,1.9569802,6.8257923,90.74097,1675902372000,0.47309002,13.895539,4256884577043000,7.371427,Bike
Fix,FLP,37.424815,-122.1709728,9.006116491723759,1.8749692,11.923,80.057106,1675902373620,,,4256884235369778,3.699979,Bike
Fix,FLP,37.4248213,-122.1709683,9.006116491723759,1.9302982,11.984,87.85415,1675902374162,,,4256884777942349,3.699979,Bike
Fix,GPS,37.4248489684,-122.1709511106,8.017083488821578,2.3946786,6.6535435,102.62835,1675902373000,0.44177032,10.647243,4256885576867000,7.314631,Bike
Fix,FLP,37.424827,-122.1709528,19.29708844889596,1.9487675,12.033,99.499886,1675902374704,,,4256885320545011,5.5691075,Bike
Fix,FLP,37.4248325,-122.1709451,19.29708844889596,2.2999058,11.947,103.21725,1675902375248,,,4256885863133023,5.5691075,Bike
Fix,GPS,37.4248437067,-122.170903008,8.356349161250096,3.1048234,6.4489803,112.15377,1675902374000,0.42045715,7.792047,4256886576949000,7.185205,Bike
Fix,FLP,37.4248343,-122.1709292,29.168825311674965,2.373518,11.842,108.79574,1675902375789,,,4256886405720365,4.9726424,Bike
Fix,FLP,37.42483,-122.1708916,29.168825311674965,2.9841468,11.608,118.07972,1675902376875,,,4256887490896085,4.9726424,Bike
Fix,GPS,37.4248294086,-122.1708516392,7.913587178690936,3.6757436,6.3684835,116.684685,1675902375000,0.46298373,7.142362,4256887576886000,7.04253,Bike
Fix,FLP,37.4248207,-122.1708507,20.42967349348845,3.5823545,11.532,115.34067,1675902377418,,,4256888033484036,3.0191154,Bike
Fix,GPS,37.4248171576,-122.1707929127,8.549690660808702,4.700827,6.325626,117.28445,1675902376000,0.45578897,5.388126,4256888577872000,6.860807,Bike
Fix,FLP,37.4248191,-122.1708391,20.42967349348845,3.6470284,11.494,114.132576,1675902377961,,,4256888576071743,2.7055235,Bike
Fix,FLP,37.4248112,-122.1708013,20.42967349348845,4.4384747,11.384,114.09329,1675902378503,,,4256889118659634,2.7055235,Bike
Fix,GPS,37.4247995035,-122.1707350493,8.171404004698385,5.100349,6.483984,116.23063,1675902377000,0.46080762,4.975789,4256889576887000,6.8339515,Bike
Fix,FLP,37.4248057,-122.1707778,22.630558337250264,4.6116767,11.351,115.38799,1675902379046,,,4256889661246731,5.6164093,Bike
Fix,GPS,37.4247834924,-122.1706746906,8.302351982901863,4.7288337,6.183791,121.60976,1675902378000,0.43726516,5.2069826,4256890577131000,6.72911,Bike
Fix,FLP,37.4247903,-122.1707265,15.655642475595158,4.9831204,11.131,115.330315,1675902379588,,,4256890203834622,4.863664,Bike
Fix,FLP,37.4247841,-122.170704,15.655642475595158,4.848225,11.107,118.7483,1675902380131,,,4256890746421537,4.863664,Bike
Fix,GPS,37.424767273,-122.1706110679,8.323091962164192,4.4234467,5.908535,122.21975,1675902379000,0.4191827,5.373283,4256891576913000,6.5710135,Bike
Fix,FLP,37.4247664,-122.1706556,15.655642475595158,4.7216425,11.073,122.409615,1675902380674,,,4256891289008938,4.863664,Bike
Fix,GPS,37.4247591354,-122.1705405263,6.135942747030402,4.5807834,5.6796303,116.06738,1675902380000,0.40105426,5.097263,4256892577074000,6.2151527,Bike
Fix,FLP,37.4247469,-122.1705979,1.1267135798019297,4.494542,11.01,122.73408,1675902381759,,,4256892374183011,2.9567711,Bike
Fix,GPS,37.4247481055,-122.1704814559,6.019847392555188,4.6561484,5.5911736,124.542816,1675902381000,0.41413102,5.0043316,4256893577266000,5.97293,Bike
Fix,FLP,37.4247337,-122.1705313,2.833100964608392,4.607585,10.917,115.8686,1675902382844,,,4256893459356656,4.8239603,Bike
Fix,FLP,37.4247318,-122.1704974,2.833100964608392,4.620609,10.783,119.70089,1675902383363,,,4256893979000001,4.8239603,Bike
Fix,GPS,37.4247308175,-122.1704275288,5.747998373014915,5.020059,5.5739746,126.17544,1675902382000,0.42547154,4.769895,4256894577211000,5.8265805,Bike
Fix,FLP,37.4247228,-122.1704615,2.833100964608392,4.6432,10.726,120.49805,1675902383929,,,4256894544529203,5.636859,Bike
Fix,FLP,37.4247036,-122.1704015,3.37707803899788,4.8999825,10.497,128.61526,1675902385014,,,4256895629704007,5.64117,Bike
Fix,GPS,37.4247108321,-122.1703713927,5.601871767940096,5.0468955,5.6394753,125.30194,1675902383000,0.4267046,4.7383566,4256895577179000,5.8127475,Bike
Fix,GPS,37.4246921221,-122.1703182033,5.943683581436554,5.0382237,5.8386803,128.62611,1675902384000,0.4509641,4.996037,4256896577318000,5.9397635,Bike
Fix,FLP,37.4246881,-122.1703258,3.37707803899788,5.0382476,9.298,127.97175,1675902385962,0.4509641,4.996037,4256896577318000,3.3491917,Bike
Fix,GPS,37.4246703926,-122.1702696169,6.704593320986546,4.652788,6.1239967,128.54416,1675902385000,0.495566,5.889932,4256897577302000,6.1202745,Bike
Fix,FLP,37.4246637,-122.1702776,6.022779194320734,5.0265408,9.106,127.665085,1675902386962,,,4256897577302000,4.87163,Bike
Fix,FLP,37.4246551,-122.1702544,6.022779194320734,2.0940247,9.429,282.72638,1675902387492,,,4256898107508450,4.87163,Bike
Fix,GPS,37.4246569177,-122.1702294998,7.773322731729434,4.0665503,6.1732655,132.63263,1675902386000,0.44762585,6.1119013,4256898577244000,6.2341714,Bike
Fix,FLP,37.4246581,-122.1702588,6.022779194320734,3.5289562,9.691,288.2356,1675902388034,,,4256898650093106,5.394245,Bike
Fix,GPS,37.4246373187,-122.1701896414,7.7934065914943345,4.1648765,6.311504,127.61886,1675902387000,0.41280675,5.5105195,4256899577006000,6.3101454,Bike
Fix,FLP,37.4246562,-122.1702603,2.491997762532293,1.9508778,9.88,140.19556,1675902388577,,,4256899192666653,4.687206,Bike
Fix,FLP,37.4246449,-122.170231,2.491997762532293,3.513681,9.951,127.272026,1675902389120,,,4256899735262661,4.687206,Bike
Fix,NLP,37.4246853,-122.1700143,0.1000000461935997,,49.216,,1675902389349,,,4256899964000000,1.5617161,Bike
Fix,FLP,37.42464,-122.1702153,2.491997762532293,3.8226938,10.099,124.229065,1675902389662,,,4256900277847683,2.9729686,Bike
Fix,GPS,37.4246120288,-122.1701418458,7.607723326001702,4.584725,6.452958,118.46506,1675902388000,0.44067758,5.497553,4256900577196000,6.427811,Bike
Fix,FLP,37.4246117,-122.1701494,2.428420876847227,4.504001,10.743,118.10697,1675902390205,,,4256900820431547,4.2672095,Bike
Fix,GPS,37.424589071,-122.1700849518,7.709073746446955,4.934793,6.5152054,107.645454,1675902389000,0.43669167,5.0940137,4256901577355000,6.4775553,Bike
Fix,FLP,37.4246034,-122.1701272,2.45062227465786,4.5882564,11.208,116.279434,1675902390747,,,4256901363016079,3.1853528,Bike
Fix,FLP,37.4245927,-122.1700961,2.45062227465786,4.914462,11.173,111.434784,1675902391290,,,4256901905600065,3.1853528,Bike
Fix,GPS,37.4245750763,-122.1700198175,7.50926471142186,4.8103642,6.4777465,102.45772,1675902390000,0.42730638,5.1541314,4256902577095000,6.5069766,Bike
Fix,FLP,37.4245824,-122.1700608,3.0990297248799408,4.9491034,11.144,110.54502,1675902391833,,,4256902448181485,5.276333,Bike
Fix,FLP,37.4245752,-122.1700223,3.0990297248799408,4.8841834,11.193,105.08347,1675902392374,,,4256902990767971,5.276333,Bike
Fix,GPS,37.4245656501,-122.1699581712,6.999055532064354,4.3269157,6.2579746,103.20246,1675902391000,0.44213682,6.0321064,4256903577421000,6.494196,Bike
Fix,FLP,37.4245708,-122.1699912,4.365207572774153,4.848713,11.131,101.99089,1675902392918,,,4256903533351956,4.5700417,Bike
Fix,FLP,37.4245646,-122.1699511,4.365207572774153,4.417384,11.025,101.462875,1675902393460,,,4256904075935635,4.5700417,Bike
Fix,FLP,37.424561,-122.1699234,4.365207572774153,4.355744,11.13,99.22,1675902394003,,,4256904618519619,4.5700417,Bike
Fix,GPS,37.4245629885,-122.1699066993,5.939219456498935,4.270113,5.912135,105.66376,1675902392000,0.4120297,5.7755394,4256904577319000,6.3209457,Bike
Fix,FLP,37.4245566,-122.1698882,4.949156594033937,4.260571,10.953,102.49831,1675902394521,,,4256905137000000,3.1328967,Bike
Fix,GPS,37.424562374,-122.1698558437,4.383177408707241,4.553892,5.6840324,107.00707,1675902393000,0.37608647,4.9294844,4256905577358000,6.1822314,Bike
Fix,FLP,37.4245504,-122.1698568,4.968336243504211,4.2449484,10.809,106.7709,1675902395087,,,4256905703686917,3.1429067,Bike
Fix,GPS,37.4245539116,-122.1697994007,4.493741334170892,4.4473147,5.665642,118.664375,1675902394000,0.43320364,5.6314435,4256906577345000,6.017758,Bike
Fix,FLP,37.4245451,-122.1698211,4.679131937683707,4.4076977,10.561,111.95487,1675902395631,,,4256906246272916,3.162371,Bike
Fix,GPS,37.4245343491,-122.1697506702,4.662523254604687,4.1759763,6.0061255,129.76184,1675902395000,0.43740383,5.842097,4256907577134000,5.9839015,Bike
Fix,FLP,37.4245347,-122.1697747,3.700049449502131,4.4002523,10.327,123.892784,1675902396716,,,4256907331424955,5.3080688,Bike
Fix,GPS,37.4245115064,-122.1697083062,4.294439790527975,4.162776,6.0674963,127.73187,1675902396000,0.43519104,5.810278,4256908577463000,5.9327216,Bike
Fix,FLP,37.424516,-122.1697304,2.1408171300081023,4.2106543,10.204,125.32759,1675902397801,,,4256908416602994,4.718349,Bike
Fix,FLP,37.4245037,-122.1697057,2.1408171300081023,4.200367,10.192,124.804146,1675902398387,,,4256909002000001,4.718349,Bike
Fix,GPS,37.4244912827,-122.1696686019,3.930734504931604,4.15866,6.122079,120.82047,1675902397000,0.41737467,5.6303415,4256909577921000,5.9310565,Bike
Fix,FLP,37.4244925,-122.169681,3.329138022007541,4.206527,10.032,119.77894,1675902398995,,,4256909610285306,3.269173,Bike
Fix,FLP,37.4244783,-122.1696437,3.329138022007541,4.1595035,10.024,116.13155,1675902399537,,,4256910152867520,3.269173,Bike
Fix,GPS,37.4244762875,-122.1696252508,3.767846463820923,3.8571084,6.231469,115.30801,1675902398000,0.42312858,6.1543555,4256910577271000,5.9862638,Bike
Fix,GPS,37.4244645548,-122.1695835286,3.80794979930633,3.6435163,6.2401643,109.42837,1675902399000,0.42707613,6.5162964,4256911577175000,6.0823545,Bike
Fix,FLP,37.4244646,-122.1696021,12.083454715628337,3.905986,10.062,114.93204,1675902400623,,,4256911238032559,3.4753537,Bike
Fix,FLP,37.4244573,-122.1695765,12.083454715628337,3.6964126,10.257,110.931725,1675902401165,,,4256911780615323,3.4753537,Bike
Fix,GPS,37.4244567512,-122.1695474494,3.029219673111792,3.560592,6.2629957,107.95868,1675902400000,0.42437866,6.5186796,4256912577200000,6.1564927,Bike
Fix,FLP,37.4244537,-122.1695617,13.327233383390464,3.6592352,10.343,110.58255,1675902401708,,,4256912323197354,5.4467916,Bike
Fix,FLP,37.4244453,-122.1695212,13.327233383390464,3.5832715,10.407,106.776245,1675902402793,,,4256913408361905,5.4467916,Bike
Fix,GPS,37.4244502915,-122.1695106849,2.4514829498400825,3.5653646,6.169842,108.09082,1675902401000,0.40393856,6.3579698,4256913577241000,6.1778655,Bike
Fix,FLP,37.4244423,-122.1694978,11.707123961027465,3.5589335,10.52,107.549255,1675902403311,,,4256913926646206,4.7519774,Bike
Fix,GPS,37.4244448479,-122.1694716718,1.7335160135215089,3.072583,6.0803213,103.48676,1675902402000,0.39291686,7.516165,4256914577233000,6.193927,Bike
Fix,FLP,37.4244387,-122.1694809,4.534281143889572,3.5620484,10.618,108.0528,1675902403878,,,4256914493526760,3.2693074,Bike
Fix,GPS,37.4244453887,-122.1694347432,1.367877300798616,2.686763,6.177336,84.7474,1675902403000,0.39775032,8.563889,4256915577215000,6.175895,Bike
Fix,FLP,37.4244375,-122.169441,0.1000000461935997,3.0782816,10.657,86.91787,1675902404963,,,4256915578691983,4.630417,Bike
Fix,FLP,37.4244463,-122.1694108,0.1000000461935997,2.7325275,10.651,72.375496,1675902405505,,,4256916121275356,4.630417,Bike
Fix,GPS,37.4244566794,-122.1694013033,1.0090356407559515,2.6833472,6.093521,52.859097,1675902404000,0.36561143,7.707709,4256916577245000,6.0451007,Bike
Fix,FLP,37.4244497,-122.1694061,0.1000000461935997,2.6962926,10.76,64.83543,1675902406048,,,4256916663858059,3.5014236,Bike
Fix,GPS,37.4244818932,-122.1693683127,0.9809245397903322,3.222208,5.817079,36.42409,1675902405000,0.36582094,6.1303105,4256917577410000,5.920853,Bike
Fix,FLP,37.4244648,-122.1693812,0.1000000461935997,2.6678126,10.74,43.75109,1675902406591,,,4256917206441799,5.4981756,Bike
Fix,FLP,37.4244748,-122.1693717,0.1000000461935997,3.0660138,10.71,38.16184,1675902407134,,,4256917749025297,5.4981756,Bike
Fix,FLP,37.4244908,-122.1693567,0.1000000461935997,3.1932602,10.7,39.420277,1675902407675,,,4256918291597317,5.4981756,Bike
Fix,GPS,37.4245125422,-122.1693382801,1.0841064829466656,3.6398833,5.718394,42.81184,1675902406000,0.4318941,6.3847094,4256918577337000,5.7860465,Bike
Fix,FLP,37.4245098,-122.1693386,3.233258803644261,3.5231013,10.675,45.612583,1675902408218,,,4256918834192715,4.6597786,Bike
Fix,GPS,37.4245370696,-122.1693058606,0.5565922441545026,3.6391628,5.965165,59.281895,1675902407000,0.4238162,6.716204,4256919577329000,5.695652,Bike
Fix,FLP,37.4245245,-122.1693199,6.783028855646549,3.6418195,10.588,54.982697,1675902408760,,,4256919376777250,3.3184974,Bike
Fix,GPS,37.4245487404,-122.1692711408,0.318858599709543,3.6806588,6.3461714,93.461685,1675902408000,0.48601013,7.7082596,4256920577357000,5.795666,Bike
Fix,FLP,37.4245446,-122.1692806,13.560146482494062,3.6722543,10.603,74.40282,1675902409846,,,4256920461945950,4.7942686,Bike
Fix,FLP,37.4245483,-122.1692568,13.560146482494062,3.6374214,10.708,90.027824,1675902410389,,,4256921004530117,4.7942686,Bike
Fix,GPS,37.4245398058,-122.1692333052,0.8953517109599555,3.7683792,6.686551,114.08664,1675902409000,0.5115466,7.6488385,4256921577505000,5.929099,Bike
Fix,FLP,37.4245474,-122.1692404,13.3464320512565,3.6668994,10.729,93.218155,1675902410932,,,4256921547111965,3.6025276,Bike
Fix,FLP,37.4245402,-122.1692117,13.3464320512565,3.719384,10.799,102.83146,1675902411474,,,4256922089699308,3.6025276,Bike
Fix,GPS,37.4245238442,-122.1691901562,1.0088189218590278,3.468718,6.8765445,115.32216,1675902410000,0.50030625,8.073331,4256922577583000,6.0392528,Bike
Fix,FLP,37.4245384,-122.1692043,9.196492074557682,3.7037354,10.956,91.95904,1675902412017,,,4256922632284145,3.4664407,Bike
Fix,FLP,37.4245277,-122.1691699,9.196492074557682,3.4231632,11.117,112.59382,1675902412559,,,4256923174868496,3.4664407,Bike
Fix,GPS,37.4245090845,-122.1691583764,1.713777880685555,3.0042953,7.0337915,119.77892,1675902411000,0.5228379,9.729082,4256923577896000,6.2157817,Bike
Fix,FLP,37.4245086,-122.1691419,7.500936917876089,3.0618644,11.412,134.61322,1675902413644,,,4256924260037503,5.592301,Bike
Fix,GPS,37.4244880744,-122.1691338219,2.475182020181013,2.6679223,6.961265,128.33992,1675902412000,0.49981147,9.803113,4256924577376000,6.3992596,Bike
Fix,FLP,37.4244916,-122.1691266,2.073206441639769,2.75043,11.744,136.1909,1675902414187,,,4256924802622280,4.413577,Bike
Fix,GPS,37.4244599788,-122.1691199443,2.6188400021828517,1.9912901,7.050375,162.82141,1675902413000,0.54211956,15.341942,4256925577634000,6.5788484,Bike
Fix,FLP,37.4244782,-122.1691155,5.189914823001928,2.6872456,11.851,151.06409,1675902414730,,,4256925345209378,4.5765424,Bike
Fix,GPS,37.4244301241,-122.1691278803,0.111512447471679,2.1807795,7.138192,203.86461,1675902414000,0.46259475,12.422097,4256926577434000,6.5949535,Bike
Fix,FLP,37.4244505,-122.1691059,2.86993689714987,2.017192,11.988,182.74483,1675902415815,,,4256926430375393,4.5668454,Bike
Fix,GPS,37.4244072905,-122.1691413736,1.6415865136713608,1.2599038,7.109031,219.88824,1675902415000,0.5120828,21.992706,4256927577584000,6.694703,Bike
Fix,FLP,37.4244248,-122.1691191,6.112127700515103,2.136762,12.229,213.37286,1675902416899,,,4256927515544400,3.5551777,Bike
Fix,FLP,37.4244082,-122.1691355,6.112127700515103,1.3590615,12.208,219.90071,1675902417442,,,4256928058129116,3.5551777,Bike
Fix,GPS,37.4243902375,-122.1691507582,1.9652905943590635,0.0,7.1847625,219.88824,1675902416000,0.46538645,25.717436,4256928577433000,6.7357664,Bike
Fix,FLP,37.4243969,-122.1691479,10.06712364644143,1.2761004,12.287,221.19168,1675902417985,,,4256928600713223,3.2345073,Bike
Fix,GPS,37.4243835539,-122.1691453488,2.2272063236674344,0.588726,6.96023,219.88824,1675902417000,0.43806276,20.449266,4256929577823000,6.74813,Bike
Fix,FLP,37.4243814,-122.169161,7.674617225565399,0.06431012,12.317,,1675902419070,,,4256929685881742,5.583815,Bike
Fix,FLP,37.4243749,-122.1691665,7.674617225565399,0.5619772,11.904,221.2755,1675902419613,,,4256930228466458,5.583815,Bike
Fix,GPS,37.4243815713,-122.1691395694,3.209762973243605,0.32549334,7.198718,219.88824,1675902418000,0.4586561,128.57045,4256930577486000,6.8558717,Bike
Fix,NLP,37.4243707,-122.1692482,0.2999999821186065,,44.212,,1675902420158,,,4256930773000000,2.2817597,Bike
Fix,FLP,37.4243709,-122.1691701,8.683796741921114,0.36074156,11.125,240.99792,1675902420156,,,4256930771050442,4.1913676,Bike
Fix,GPS,37.4243830904,-122.1691377385,4.146540957888564,0.0,7.402037,219.88824,1675902419000,0.4068472,85.83686,4256931577517000,6.734695,Bike
Fix,FLP,37.4243708,-122.169173,8.683796741921114,0.32077184,10.377,286.65793,1675902420698,,,4256931313634976,3.9773479,Bike
Fix,GPS,37.4243830904,-122.1691377385,4.608546976991387,0.0,6.9599085,219.88824,1675902420000,0.3698357,114.36109,4256932577808000,6.662385,Bike
Fix,FLP,37.424379,-122.1691714,15.918579683012569,0.014860401,9.736,,1675902421783,,,4256932398802945,2.9849622,Bike
Fix,FLP,37.4243845,-122.1691662,15.918579683012569,0.0011811674,8.882,,1675902422310,,,4256932926646206,2.9849622,Bike
Fix,GPS,37.4243830904,-122.1691377385,4.805844405225543,0.0,6.668628,219.88824,1675902421000,0.35344204,125.09535,4256933577528000,6.599386,Bike
Fix,FLP,37.4243866,-122.1691658,12.404230782990254,0.0012659704,8.273,,1675902422867,,,4256933483970364,2.8634455,Bike
Fix,FLP,37.4243894,-122.1691641,12.404230782990254,0.0013782936,7.87,,1675902423411,,,4256934026553616,2.8634455,Bike
Fix,GPS,37.4243830904,-122.1691377385,5.228278830447379,0.0,6.3656073,219.88824,1675902422000,0.36742175,180.0,4256934577838000,6.4989104,Bike
Fix,FLP,37.4243914,-122.1691638,11.327732690018166,0.0026636438,7.318,,1675902423954,,,4256934569137356,4.5457454,Bike
Fix,FLP,37.4243934,-122.1691614,11.327732690018166,0.0013042226,7.049,,1675902424496,,,4256935111708828,4.5457454,Bike
Fix,GPS,37.4243830904,-122.1691377385,5.40094314389373,0.0,6.029598,219.88824,1675902423000,0.39447442,77.92269,4256935577592000,6.3470507,Bike
Fix,FLP,37.424395,-122.1691604,10.06146954006698,0.0024965482,6.777,,1675902425038,,,4256935654303616,3.9257832,Bike
Fix,NLP,37.4245814,-122.1697293,-0.1999998986721038,,42.666,,1675902425201,,,4256935816000000,1.994261,Bike
Fix,FLP,37.4243952,-122.169158,9.342809418561783,0.0009036108,6.328,,1675902425581,,,4256936196886563,4.1785293,Bike
Fix,GPS,37.4243830904,-122.1691377385,5.541815928895115,0.0,5.874485,219.88824,1675902424000,0.40550253,108.7911,4256936577717000,6.286891,Bike
Fix,GPS,37.4243830904,-122.1691377385,5.509759911045249,0.0,5.711697,219.88824,1675902425000,0.3982082,22.345804,4256937577811000,6.2391596,Bike
Fix,FLP,37.4243949,-122.1691525,6.369831966058214,0.00031008196,5.652,,1675902426667,,,4256937282051907,2.9316368,Bike
Fix,GPS,37.4243969927,-122.1691315832,5.438445544182176,0.3552595,5.555774,219.88824,1675902426000,0.3920392,48.181232,4256938577621000,6.230568,Bike
Fix,FLP,37.4243943,-122.1691495,4.943295232200427,0.00043916257,5.298,,1675902427752,,,4256938367216641,2.8388836,Bike
Fix,GPS,37.4243960245,-122.1691279299,5.701656226442523,0.5614558,5.9485598,219.88824,1675902427000,0.40608343,61.183598,4256939577587000,6.3411427,Bike
Fix,FLP,37.4243954,-122.1691471,4.232640655565376,0.3240651,5.111,3.1944869,1675902428837,,,4256939452369229,2.700659,Bike
Fix,GPS,37.4243928682,-122.169125568,7.22271819223424,0.0,6.2248206,219.88824,1675902428000,0.43165,87.52814,4256940577581000,6.335836,Bike
Fix,FLP,37.4243976,-122.1691444,0.2999999821186065,0.54226816,4.888,15.018404,1675902429922,,,4256940537544523,4.6252546,Bike
Fix,NLP,37.424533,-122.1697295,0.2999999821186065,,33.329,,1675902430235,,,4256940850000000,1.2141792,Bike
Fix,FLP,37.4243994,-122.1691457,0.2999999821186065,0.5484772,4.749,14.718305,1675902430465,,,4256941080126371,1.880636,Bike
Fix,GPS,37.4243928682,-122.169125568,7.402350599056847,0.0,6.0680037,219.88824,1675902429000,0.41304442,128.99403,4256941577944000,6.2375402,Bike
Fix,FLP,37.4244001,-122.1691462,2.3174147624167034,0.5320673,4.72,13.130749,1675902431006,,,4256941622707608,2.4173696,Bike
Fix,GPS,37.4243928682,-122.169125568,7.569635591401934,0.0,5.860397,219.88824,1675902430000,0.4001679,76.473816,4256942577663000,6.146756,Bike
Fix,FLP,37.4244009,-122.1691458,-0.1999998986721038,0.021986486,4.753,,1675902432091,,,4256942707866849,2.0889547,Bike
Fix,GPS,37.4243928682,-122.169125568,7.362542272142135,0.0,5.8140483,219.88824,1675902431000,0.412237,160.30853,4256943577747000,6.087961,Bike
Fix,FLP,37.4244002,-122.1691454,0.2999999821186065,0.0010771446,4.776,,1675902432634,,,4256943250450833,2.0937154,Bike
Fix,GPS,37.4243928682,-122.169125568,7.293064149426655,0.0,5.7586455,219.88824,1675902432000,0.40696523,113.561905,4256944577892000,6.045131,Bike
Fix,FLP,37.4244005,-122.1691448,2.4986519698295666,0.00029897434,4.802,,1675902433719,,,4256944335612209,2.2621655,Bike
Fix,FLP,37.424401,-122.1691446,2.4986519698295666,0.00073347037,4.825,,1675902434263,,,4256944878192228,2.2621655,Bike
Fix,GPS,37.4243928682,-122.169125568,7.041971994309056,0.0,5.700514,219.88824,1675902433000,0.39327133,126.21992,4256945577926000,5.9716554,Bike
Fix,FLP,37.4244016,-122.1691449,3.058778224468611,0.0005862826,4.866,,1675902434804,,,4256945420772854,2.144754,Bike
Fix,NLP,37.4245123,-122.1697981,-0.1999998986721038,,30.348,,1675902435213,,,4256945829000000,1.1472156,Bike
Fix,GPS,37.4243928682,-122.169125568,7.32855247951431,0.0,5.6517544,219.88824,1675902434000,0.4221747,84.566635,4256946577861000,5.927934,Bike
Fix,FLP,37.4244039,-122.1691528,3.587147546329618,0.018034557,4.976,,1675902435890,,,4256946505934597,3.0105162,Bike
Fix,GPS,37.4243928682,-122.169125568,7.635206237030677,0.0,5.623984,219.88824,1675902435000,0.4502173,69.24049,4256947577999000,5.8979177,Bike
Fix,FLP,37.4244058,-122.169156,2.793849018794191,0.0067616105,5.102,,1675902436976,,,4256947591093166,3.1527286,Bike
Fix,GPS,37.4243928682,-122.169125568,7.911279345413078,0.0,5.596122,219.88824,1675902436000,0.4287826,84.51248,4256948577976000,5.8553514,Bike
Fix,FLP,37.4244068,-122.1691564,2.437090807390802,0.0014024052,5.215,,1675902438061,,,4256948676252590,2.4658172,Bike
Fix,GPS,37.4243928682,-122.169125568,8.207426507287929,0.0,5.5470448,219.88824,1675902437000,0.3988817,110.79126,4256949577743000,5.8143916,Bike
Fix,FLP,37.4244069,-122.1691565,2.153006988710274,0.00021335993,5.267,,1675902438602,,,4256949218831876,2.0616367,Bike
Fix,FLP,37.4244074,-122.1691565,2.153006988710274,0.00027866705,5.491,,1675902439688,,,4256950303990567,2.0616367,Bike
Fix,GPS,37.4243928682,-122.169125568,8.45028991282194,0.0,5.565847,219.88824,1675902438000,0.4229955,65.795906,4256950577750000,5.787454,Bike
Fix,NLP,37.4243293,-122.1690674,-0.1999998986721038,,39.009,,1675902440243,,,4256950858000000,1.403,Bike
Fix,FLP,37.4244075,-122.1691563,-0.1999998986721038,3.3919314e-05,5.64,,1675902440231,,,4256950846569790,1.4907436,Bike
Fix,GPS,37.4243928682,-122.169125568,8.988240528022022,0.0,4.9620385,219.88824,1675902439000,0.22900061,63.660217,4256951577714000,5.6389513,Bike
Fix,FLP,37.4244071,-122.169156,-0.1999998986721038,0.0017680906,5.66,,1675902440774,,,4256951389148281,1.8318875,Bike
Fix,GPS,37.4243928682,-122.169125568,9.6985097014123,0.0,4.9421372,219.88824,1675902440000,0.25385806,58.829437,4256952577728000,5.490724,Bike
Fix,FLP,37.4244075,-122.1691559,12.018455849960304,0.0013028155,5.748,,1675902441858,,,4256952474307034,1.7196729,Bike
