X_u,Y_u,Z_u,RxTime_s
,,,1.0
,,,0.0
,,,2.0
,,,0.0
,,,3.0
,,,0.0
,,,4.0
5705161.02971873,3222094.6908835536,85240.0849263934,0.0
-2695190.10889723,-4298919.940171261,3851697.2386813057,402845.0
-2695192.43764422,-4298917.712311401,3851699.1207710537,402846.0
-2695194.0082693133,-4298913.156730399,3851701.319067572,402847.0
-2695202.6073059523,-4298914.939823186,3851708.096546807,402848.0
-2695201.133790408,-4298919.765445422,3851714.9277096987,402849.0
-2695199.5799602163,-4298914.566265967,3851708.010565052,402850.0
-2695206.821368702,-4298912.235295845,3851716.2424713597,402851.0
-2695209.8892098474,-4298909.583795795,3851717.441742296,402852.0
-2695211.327228621,-4298907.045273452,3851706.87771264,402853.0
-2695221.001006803,-4298912.401012516,3851705.0523793856,402854.0
-2695245.5921528684,-4298923.5995039465,3851708.8103020573,402855.0
-2695236.565261991,-4298908.114019665,3851694.708762369,402856.0
-2695243.5496562473,-4298917.384382587,3851695.321686083,402857.0
-2695236.632268707,-4298910.545779289,3851683.6624551043,402858.0
-2695244.0597051643,-4298915.53660734,3851682.098686909,402859.0
-2695250.2324280133,-4298918.663737575,3851675.973142412,402860.0
-2695255.1491600107,-4298920.938457455,3851665.66046762,402861.0
-2695265.1443448965,-4298924.479528345,3851665.294615531,402862.0
-2695270.399021823,-4298925.779514726,3851662.384436451,402863.0
-2695276.9018083606,-4298929.289859752,3851660.080527647,402864.0
-2695276.92669057,-4298929.036182035,3851656.569511174,402865.0
-2695272.44903737,-4298925.248793095,3851648.3241052167,402866.0
-2695273.6925727506,-4298926.319211444,3851650.091746818,402867.0
-2695274.843221336,-4298925.577507935,3851648.14820277,402868.0
-2695265.6598675805,-4298915.759265993,3851641.782550292,402869.0
-2695274.521214073,-4298921.951371924,3851648.637108762,402870.0
-2695272.2659280202,-4298919.620318459,3851642.5371544138,402871.0
-2695276.892892007,-4298922.199836484,3851646.0768361823,402872.0
-2695288.9853058294,-4298927.018338013,3851649.9695237805,402873.0
-2695290.402832134,-4298921.087025275,3851651.0725336596,402874.0
-2695293.3342058165,-4298916.192714261,3851652.7338886685,402875.0
-2695303.6309874295,-4298918.193036068,3851662.600049393,402876.0
-2695308.4647647096,-4298913.714950425,3851665.332270234,402877.0
-2695314.404908902,-4298906.293621919,3851664.3444431135,402878.0
-2695323.058069631,-4298898.443560951,3851666.773761485,402879.0
-2695322.1874520704,-4298888.394926327,3851671.9907506113,402880.0
-2695317.137599542,-4298876.269665124,3851671.5178179736,402881.0
-2695318.876759514,-4298872.304639986,3851671.5654966924,402882.0
-2695327.513892123,-4298871.830511661,3851675.140679594,402883.0
-2695329.591884083,-4298869.363540371,3851679.29874199,402884.0
-2695324.5974646346,-4298877.919970211,3851677.09235355,402885.0
-2695328.3724938016,-4298866.595165001,3851681.205354646,402886.0
-2695327.609595828,-4298865.812809101,3851679.742102212,402887.0
-2695316.2683507875,-4298861.259993297,3851669.2690611947,402888.0
-2695325.7998725446,-4298866.349143843,3851675.104897594,402889.0
-2695338.964785583,-4298875.795866286,3851683.248020077,402890.0
-2695340.2181605455,-4298878.767831138,3851685.0987989805,402891.0
-2695331.6043982455,-4298862.5516129015,3851683.424572412,402892.0
-2695325.2641148265,-4298858.252639142,3851676.8746042335,402893.0
-2695327.0318138264,-4298862.536334276,3851674.0151016344,402894.0
-2695335.4135710727,-4298872.920670385,3851684.416957083,402895.0
-2695336.6808599113,-4298875.87740534,3851689.0077403244,402896.0
-2695337.897757939,-4298869.840583739,3851688.0368261426,402897.0
-2695341.906198287,-4298863.906953057,3851685.3453557063,402898.0
-2695330.163534969,-4298866.705856798,3851682.5277859387,402899.0
-2695336.634679472,-4298869.585118097,3851682.183461651,402900.0
-2695339.193557366,-4298871.703691233,3851680.82356364,402901.0
-2695329.69825334,-4298865.285319915,3851672.2783288355,402902.0
-2695329.9143488803,-4298864.0747512635,3851673.621511447,402903.0
-2695332.057608992,-4298862.145361824,3851681.3053070633,402904.0
-2695331.536143192,-4298859.1381736295,3851677.634242132,402905.0
-2695341.435438896,-4298865.539746369,3851679.6163990693,402906.0
-2695339.6397510553,-4298862.559762413,3851681.0171752945,402907.0
-2695339.160818278,-4298860.6435190495,3851684.0422582584,402908.0
-2695327.001157501,-4298855.9215480145,3851679.5864108815,402909.0
-2695323.2891214867,-4298848.440812064,3851671.3078574142,402910.0
-2695338.3626289833,-4298851.992586349,3851683.665564512,402911.0
-2695337.586536813,-4298859.630763633,3851680.9921476883,402912.0
-2695347.0427487525,-4298863.70574857,3851685.8822561842,402913.0
-2695349.3227581554,-4298869.765194256,3851691.243727581,402914.0
-2695347.410437055,-4298865.745383486,3851687.7857220024,402915.0
-2695343.017212593,-4298865.611108949,3851686.255098936,402916.0
-2695337.8829374593,-4298861.782559944,3851683.0102110934,402917.0
-2695338.3224067986,-4298860.056035173,3851686.5378109943,402918.0
-2695342.7152267415,-4298863.118631981,3851690.5935224104,402919.0
-2695341.835436733,-4298863.958375633,3851691.0595401586,402920.0
-2695338.538864022,-4298861.962241776,3851689.205768428,402921.0
-2695325.213810647,-4298857.066130715,3851681.013049524,402922.0
-2695323.9472304448,-4298857.163410051,3851681.309592629,402923.0
-2695330.876191136,-4298857.262791522,3851680.9950147057,402924.0
-2695334.941673373,-4298860.517235893,3851684.8632750725,402925.0
-2695340.1908535147,-4298861.310544411,3851683.2332469127,402926.0
-2695340.144047935,-4298860.2686100025,3851685.438513384,402927.0
-2695350.027019133,-4298862.548700646,3851683.507889178,402928.0
-2695339.730258394,-4298854.179590769,3851677.8198354696,402929.0
-2695336.3470356334,-4298854.69771038,3851677.8555948613,402930.0
-2695334.155484275,-4298852.952380389,3851680.7507280484,402931.0
-2695332.6516074752,-4298857.030702332,3851690.0478166845,402932.0
-2695335.4531414574,-4298858.935092791,3851684.7015353255,402933.0
-2695342.8061788897,-4298864.976846434,3851694.0377456234,402934.0
-2695345.1551029063,-4298869.749897891,3851687.5849187966,402935.0
-2695327.334696312,-4298854.993122641,3851684.28428388,402936.0
-2695340.1596161197,-4298861.380646774,3851687.9643786727,402937.0
-2695337.0188839557,-4298857.994263913,3851687.040351623,402938.0
-2695336.394569928,-4298867.213666832,3851681.6392228696,402939.0
-2695340.278518201,-4298866.956934438,3851679.968025362,402940.0
-2695334.685522963,-4298867.955905455,3851685.3590888,402941.0
-2695330.089739106,-4298854.158244519,3851676.3536947942,402942.0
-2695336.3839141866,-4298862.38738494,3851686.9469941333,402943.0
-2695333.8846425004,-4298861.903221789,3851687.7689225376,402944.0
-2695335.675298256,-4298859.777053252,3851686.628830418,402945.0
-2695334.555435893,-4298859.11889199,3851683.380479208,402946.0
-2695330.376533773,-4298854.049307005,3851675.3609570223,402947.0
-2695328.805950275,-4298849.374470786,3851667.1762140766,402948.0
-2695340.9642586196,-4298863.322697004,3851681.7732806895,402949.0
-2695339.653830912,-4298864.535387422,3851684.524134746,402950.0
-2695338.36347876,-4298862.962613278,3851684.9141993863,402951.0
-2695340.752409799,-4298864.420469203,3851684.798537181,402952.0
-2695336.1201384575,-4298860.329984174,3851679.554994073,402953.0
-2695338.4405527394,-4298861.676370106,3851684.687806064,402954.0
-2695336.172849114,-4298857.381772337,3851680.418526904,402955.0
-2695332.219540215,-4298858.166943702,3851683.0324814892,402956.0
-2695332.4546279493,-4298860.049820474,3851684.067357737,402957.0
-2695332.74872509,-4298858.140630214,3851684.131015479,402958.0
-2695333.7093685945,-4298856.0137706585,3851683.7272812733,402959.0
-2695334.8518153476,-4298855.453425778,3851684.484814228,402960.0
-2695332.5339463674,-4298856.771384929,3851682.397837612,402961.0
-2695334.014391143,-4298858.178027459,3851682.6550123715,402962.0
-2695332.380332545,-4298856.325977827,3851682.6222121143,402963.0
-2695332.7282856256,-4298857.496126657,3851681.613067099,402964.0
-2695334.541896848,-4298859.8039730275,3851684.1284275204,402965.0
-2695333.1163709634,-4298860.097961684,3851682.3872838225,402966.0
-2695334.141307073,-4298860.736396402,3851684.4810463083,402967.0
-2695337.9260221194,-4298864.923373997,3851685.062148363,402968.0
-2695339.491873343,-4298863.887715995,3851683.7643332737,402969.0
-2695337.0372564383,-4298860.374951338,3851683.3617729745,402970.0
-2695336.5554853054,-4298861.845777574,3851682.4232959975,402971.0
-2695336.652196307,-4298860.971895898,3851681.565395934,402972.0
-2695336.041496288,-4298861.162236966,3851680.075203091,402973.0
-2695338.7823958914,-4298866.268353408,3851681.2472765716,402974.0
-2695337.8420076906,-4298866.635106216,3851682.859327008,402975.0
-2695332.5777912843,-4298861.273795586,3851678.836488297,402976.0
-2695334.69661561,-4298861.846671802,3851678.6365309,402977.0
-2695335.1971097807,-4298859.642782444,3851681.4890822335,402978.0
-2695335.5139677385,-4298856.6727268845,3851682.818377281,402979.0
-2695338.9975964515,-4298854.642816791,3851686.7969691865,402980.0
-2695342.5479815933,-4298850.98493109,3851688.8802469475,402981.0
-2695348.228603048,-4298843.039910006,3851693.2006987086,402982.0
-2695355.59538392,-4298837.764476658,3851701.1502603274,402983.0
-2695358.006207577,-4298826.992159441,3851704.7697893875,402984.0
-2695366.1481028595,-4298822.7177417185,3851710.897499474,402985.0
-2695375.8366769394,-4298811.737404783,3851715.81430232,402986.0
-2695378.072378756,-4298802.452980619,3851715.5131449443,402987.0
-2695381.9630731363,-4298791.90959097,3851723.0601088423,402988.0
-2695388.7828573785,-4298782.030646246,3851725.773172277,402989.0
-2695397.074659244,-4298771.216576219,3851730.475333296,402990.0
-2695402.767770816,-4298762.444714645,3851738.7133369413,402991.0
-2695417.7579929586,-4298757.599353024,3851746.067594132,402992.0
-2695423.4275653306,-4298744.896090982,3851753.547653349,402993.0
-2695431.3580850046,-4298731.651291286,3851761.2620786466,402994.0
-2695437.936123352,-4298717.342760301,3851765.0155662363,402995.0
-2695445.49794147,-4298708.091385504,3851770.1118698022,402996.0
-2695454.8173750513,-4298697.662345964,3851780.4918497237,402997.0
-2695462.6807460682,-4298687.420450555,3851784.507822695,402998.0
-2695472.9178639017,-4298673.98048625,3851790.015126393,402999.0
-2695481.430545847,-4298662.196071376,3851794.574192945,403000.0
-2695492.1695867786,-4298650.606839696,3851804.02489298,403001.0
-2695500.042843083,-4298640.107357895,3851810.1758490745,403002.0
-2695509.7065096633,-4298627.349944172,3851817.2392096478,403003.0
-2695519.971611331,-4298612.445144622,3851824.015045651,403004.0
-2695531.5991627467,-4298603.074926056,3851833.3643123046,403005.0
-2695538.399119408,-4298588.129346708,3851838.674118844,403006.0
-2695548.79275195,-4298575.987096631,3851844.806464345,403007.0
-2695560.372844182,-4298563.732306577,3851856.0806093575,403008.0
-2695571.1274831574,-4298548.495274635,3851861.012846779,403009.0
-2695580.326978242,-4298535.24629476,3851868.394587784,403010.0
-2695589.7490676437,-4298523.785632185,3851875.2925883653,403011.0
-2695599.199554962,-4298512.8000846775,3851882.551644584,403012.0
-2695609.8987911684,-4298502.4764469415,3851892.813007184,403013.0
-2695616.090173514,-4298484.333008742,3851894.848944541,403014.0
-2695627.7449464854,-4298472.32880053,3851904.5369228376,403015.0
-2695631.891533515,-4298456.833368333,3851906.9986717864,403016.0
-2695644.446346674,-4298446.211807933,3851915.867090193,403017.0
-2695653.3967974237,-4298434.350021456,3851927.1687896904,403018.0
-2695665.2622755873,-4298425.383507814,3851934.0076260455,403019.0
-2695675.3427422354,-4298418.262163175,3851945.46770245,403020.0
-2695682.303327093,-4298408.716284446,3851954.6328240894,403021.0
-2695687.809752348,-4298398.499567967,3851960.6342643728,403022.0
-2695693.140674953,-4298388.328581516,3851967.3023225833,403023.0
-2695697.0188639285,-4298381.989710311,3851973.2762019243,403024.0
-2695704.9651278784,-4298371.07048607,3851982.5971777746,403025.0
-2695700.201607608,-4298350.140782717,3851986.096099563,403026.0
-2695717.6677098228,-4298341.894237905,3852000.476517259,403027.0
-2695719.0690857936,-4298328.995632427,3852010.414119519,403028.0
-2695721.124872338,-4298316.23473644,3852017.90022823,403029.0
-2695722.1516618887,-4298301.695101921,3852024.341120126,403030.0
-2695720.50055238,-4298287.023464045,3852032.721865927,403031.0
-2695731.4422587394,-4298278.004035645,3852047.9461269015,403032.0
-2695736.962534174,-4298268.303303491,3852062.3568448992,403033.0
-2695743.0569858444,-4298257.430496398,3852069.346897157,403034.0
-2695747.6419019247,-4298244.791194587,3852079.929043618,403035.0
-2695751.413431786,-4298239.892256755,3852085.075280528,403036.0
-2695753.751899593,-4298228.338650531,3852089.884720425,403037.0
-2695755.6758318795,-4298221.988600391,3852100.5776716713,403038.0
-2695757.948284989,-4298212.630035978,3852106.479725513,403039.0
-2695760.101825844,-4298205.238602737,3852113.6228444627,403040.0
-2695762.8779944982,-4298200.227326907,3852119.6854996555,403041.0
-2695765.162935982,-4298192.418275884,3852122.6703671548,403042.0
-2695765.7976224367,-4298185.727295858,3852123.600887259,403043.0
-2695768.576563909,-4298185.986485654,3852128.3901953953,403044.0
-2695770.697100672,-4298187.626798556,3852131.017046128,403045.0
-2695767.600682858,-4298184.917503971,3852130.4932179945,403046.0
-2695766.542762353,-4298182.305465621,3852128.6033390565,403047.0
-2695769.0668694996,-4298184.315213535,3852130.8820096785,403048.0
-2695766.7783850296,-4298185.529397096,3852126.8690642416,403049.0
-2695765.377821319,-4298185.028482513,3852126.3220071667,403050.0
-2695759.3318036576,-4298181.739422285,3852125.4791014562,403051.0
-2695766.4674566947,-4298186.23927244,3852127.439717395,403052.0
-2695763.990635243,-4298184.956379005,3852127.60328645,403053.0
-2695760.916778227,-4298181.302696739,3852125.4925196758,403054.0
-2695761.555329361,-4298181.821516155,3852128.1439131163,403055.0
-2695770.267479871,-4298187.177411879,3852130.1163580623,403056.0
-2695771.286379737,-4298189.761484998,3852129.9478651783,403057.0
-2695768.4278912437,-4298185.882899712,3852125.1211183644,403058.0
-2695767.1238485454,-4298186.071815899,3852128.6936508343,403059.0
-2695768.6130630192,-4298183.0659901975,3852131.527301402,403060.0
-2695770.891448598,-4298180.53544283,3852135.424875465,403061.0
-2695774.595413695,-4298174.982103314,3852142.152798543,403062.0
-2695775.997531762,-4298166.949294571,3852148.0981836654,403063.0
-2695778.065654545,-4298158.387659735,3852149.2725757947,403064.0
-2695781.153968987,-4298150.014694065,3852155.6025228496,403065.0
-2695786.058158278,-4298143.769043445,3852162.507939693,403066.0
-2695792.187998683,-4298138.568759235,3852167.225002138,403067.0
-2695794.7924501356,-4298125.798665752,3852172.0817963583,403068.0
-2695798.618830828,-4298115.328192692,3852178.3688979805,403069.0
-2695802.4217496994,-4298103.323764417,3852184.720426856,403070.0
-2695810.4916073433,-4298095.534049036,3852192.981479627,403071.0
-2695819.445454155,-4298084.466864316,3852196.6856254977,403072.0
-2695822.9939592825,-4298073.140815578,3852201.1784271537,403073.0
-2695832.676253791,-4298061.999740411,3852210.4991188543,403074.0
-2695838.443415377,-4298053.347095139,3852216.3688308545,403075.0
-2695847.329457405,-4298045.418947261,3852223.525886753,403076.0
-2695852.30597911,-4298032.010320515,3852224.051111282,403077.0
-2695864.4303562385,-4298024.484968489,3852231.612127106,403078.0
-2695872.7406462003,-4298012.022537893,3852237.841465198,403079.0
-2695881.049788743,-4297998.347154658,3852244.665061168,403080.0
-2695891.9071553666,-4297983.294211367,3852247.250977691,403081.0
-2695902.50809524,-4297973.991955887,3852255.5873744627,403082.0
-2695913.637922125,-4297970.4263178455,3852268.1843830068,403083.0
-2695923.726538754,-4297961.895600388,3852275.0102452836,403084.0
-2695932.190345934,-4297945.260865504,3852279.4190301276,403085.0
-2695944.1585910753,-4297931.058312305,3852285.116468783,403086.0
-2695952.650244821,-4297913.634117657,3852290.389304211,403087.0
-2695968.3325025034,-4297911.256613878,3852306.5113933976,403088.0
-2695976.507071376,-4297894.821258111,3852309.0186937,403089.0
-2695986.784009294,-4297880.831787033,3852313.7089163763,403090.0
-2695998.089115799,-4297868.377028882,3852318.5632166816,403091.0
-2696009.708384739,-4297854.79576977,3852326.872417329,403092.0
-2696020.589112638,-4297842.399942002,3852334.0172030674,403093.0
-2696026.28888763,-4297827.673889159,3852338.4797532624,403094.0
-2696038.3631012347,-4297820.240949776,3852350.256366021,403095.0
-2696047.275448371,-4297801.992632527,3852353.791937792,403096.0
-2696053.934613592,-4297792.170997318,3852359.671225237,403097.0
-2696067.162330166,-4297780.005007514,3852368.2597159096,403098.0
-2696073.6720278715,-4297767.821490044,3852369.260803412,403099.0
-2696082.725927945,-4297755.733671589,3852377.8182668453,403100.0
-2696090.050478215,-4297747.384345534,3852382.2707535513,403101.0
-2696098.9974714294,-4297733.393577709,3852385.2923611216,403102.0
-2696108.135921211,-4297726.268179001,3852392.3939867597,403103.0
-2696114.2894841153,-4297718.775031343,3852396.170438585,403104.0
-2696123.1398545965,-4297714.856602222,3852405.601199589,403105.0
-2696129.567816938,-4297702.582343281,3852409.281220577,403106.0
-2696133.366566277,-4297695.63767541,3852410.152584206,403107.0
-2696139.1367499963,-4297688.162625447,3852410.7175949896,403108.0
-2696141.042812154,-4297685.191939779,3852409.8689063955,403109.0
-2696146.5303429626,-4297679.828278528,3852414.341139796,403110.0
-2696149.7597998083,-4297670.327341928,3852418.2795412494,403111.0
-2696153.5384899247,-4297669.53192166,3852420.753404907,403112.0
-2696155.2342132465,-4297667.974202227,3852423.4391783318,403113.0
-2696154.396593107,-4297666.810094243,3852423.1020674286,403114.0
-2696153.102746121,-4297668.349862139,3852421.6091413284,403115.0
-2696151.8591680755,-4297668.266822521,3852423.112458135,403116.0
-2696157.5969078746,-4297669.705826006,3852425.197559075,403117.0
-2696159.0552222542,-4297670.809129235,3852422.407147955,403118.0
-2696156.0336438897,-4297664.992314203,3852420.282298994,403119.0
-2696160.341191093,-4297667.285486338,3852426.0335707664,403120.0
-2696164.124331049,-4297674.449962341,3852427.2786665545,403121.0
-2696160.630724517,-4297671.7097659465,3852423.443625035,403122.0
-2696161.3451815415,-4297667.952646651,3852426.7281021075,403123.0
-2696162.0237653395,-4297672.447866356,3852428.2436386626,403124.0
-2696162.1732652057,-4297671.685729842,3852424.189414101,403125.0
-2696162.506529694,-4297671.431636769,3852424.423850901,403126.0
-2696161.081408572,-4297670.290642468,3852422.1788092568,403127.0
-2696163.559472979,-4297674.8660221435,3852425.769232036,403128.0
-2696166.064608619,-4297679.269890221,3852426.708817534,403129.0
-2696163.8631688543,-4297674.6178424535,3852423.54214572,403130.0
-2696158.881757561,-4297675.131310681,3852427.2523707487,403131.0
-2696163.8861112427,-4297675.692701597,3852430.563749641,403132.0
-2696156.601960595,-4297669.453045059,3852425.6554100327,403133.0
-2696162.0919523533,-4297667.815348539,3852425.6833460187,403134.0
-2696165.275990149,-4297664.806375406,3852426.1570631056,403135.0
-2696170.4015747434,-4297658.407128143,3852429.873111089,403136.0
-2696173.8022950916,-4297650.151549715,3852432.5896279486,403137.0
-2696180.13714868,-4297642.019754319,3852435.768986655,403138.0
-2696185.5471229656,-4297631.891606774,3852437.624076604,403139.0
-2696194.003485413,-4297624.852572022,3852447.819088896,403140.0
-2696206.5305461963,-4297621.88177734,3852457.0194307417,403141.0
-2696212.4040979836,-4297608.724600297,3852462.0565792294,403142.0
-2696218.4588617273,-4297601.8334770575,3852466.6052131583,403143.0
-2696228.151328077,-4297590.565154309,3852473.7802578975,403144.0
-2696234.038056514,-4297577.454036161,3852465.840725969,403145.0
-2696245.3323592157,-4297566.384203268,3852474.864182957,403146.0
-2696256.4096250744,-4297554.940823674,3852486.55547967,403147.0
-2696262.540451959,-4297542.531564967,3852490.557699479,403148.0
-2696269.516868585,-4297528.521177759,3852492.6018107384,403149.0
-2696281.0890430436,-4297518.792053589,3852498.845704909,403150.0
-2696291.433881316,-4297511.873300098,3852508.0903459196,403151.0
-2696303.5243759206,-4297502.638827566,3852516.2872399935,403152.0
-2696302.666730441,-4297483.80126831,3852516.2277985555,403153.0
-2696312.0125043145,-4297473.90580429,3852525.778011507,403154.0
-2696332.2700833185,-4297467.229013571,3852537.057360569,403155.0
-2696336.5181970717,-4297449.177579109,3852535.473549754,403156.0
-2696344.3671378605,-4297436.144793611,3852542.85877456,403157.0
-2696359.056215531,-4297424.840005208,3852551.191673036,403158.0
-2696371.9951258865,-4297412.728294601,3852557.398007864,403159.0
-2696379.5050188033,-4297396.422763883,3852562.806515274,403160.0
-2696388.3235128997,-4297383.192130558,3852568.398091422,403161.0
-2696400.7718396815,-4297370.08633074,3852577.61265518,403162.0
-2696412.316302467,-4297361.076732359,3852587.308396749,403163.0
-2696424.3093682365,-4297350.414877927,3852595.737775785,403164.0
-2696434.854556973,-4297336.748981722,3852599.1731966967,403165.0
-2696444.635747189,-4297326.976667367,3852607.963874352,403166.0
-2696453.267738051,-4297312.292886056,3852614.6981516853,403167.0
-2696462.7584518176,-4297296.634959635,3852620.211073443,403168.0
-2696474.353852234,-4297282.439062664,3852625.525641318,403169.0
-2696484.1347460826,-4297269.308950899,3852632.8009510394,403170.0
-2696496.545424663,-4297256.061577264,3852636.6911166217,403171.0
-2696505.241638747,-4297243.073550296,3852645.1224832023,403172.0
-2696517.9919102443,-4297230.627640173,3852653.443616498,403173.0
-2696529.0042509357,-4297218.602513852,3852659.584224081,403174.0
-2696532.1460770904,-4297203.061082602,3852662.9166715248,403175.0
-2696546.834287091,-4297194.07412616,3852675.717325163,403176.0
-2696550.9072620845,-4297176.403815958,3852680.03352406,403177.0
-2696568.7257338283,-4297171.514823373,3852690.870566199,403178.0
-2696577.034834326,-4297156.923054791,3852697.248090877,403179.0
-2696588.769018816,-4297144.690862847,3852706.4978720224,403180.0
-2696597.5473374245,-4297132.102762623,3852714.296134497,403181.0
-2696605.317856008,-4297115.491061146,3852720.931320777,403182.0
-2696611.5019858773,-4297102.8757965965,3852729.278737958,403183.0
-2696621.4511712235,-4297087.704588641,3852739.7151829773,403184.0
-2696633.0967842336,-4297074.030412129,3852748.9122582786,403185.0
-2696644.97526181,-4297062.743897982,3852755.93183824,403186.0
-2696658.393571773,-4297048.561207122,3852769.9963858193,403187.0
-2696669.2875635806,-4297039.504120739,3852777.0124735236,403188.0
-2696675.4322077692,-4297024.475282639,3852783.5694124717,403189.0
-2696683.154036945,-4297010.127186011,3852791.1503852783,403190.0
-2696693.4319697376,-4296995.82560757,3852802.428296407,403191.0
-2696701.5837682476,-4296981.534762137,3852804.101157567,403192.0
-2696710.356145136,-4296968.999239687,3852810.2330674417,403193.0
-2696716.3824576037,-4296951.280376967,3852815.347810036,403194.0
-2696730.3999036145,-4296942.395160238,3852827.018576719,403195.0
-2696741.1946274554,-4296930.728594651,3852836.308064914,403196.0
-2696748.5471474123,-4296916.911499215,3852842.9013908845,403197.0
-2696760.7485114196,-4296906.558907165,3852853.624984311,403198.0
-2696764.127425462,-4296888.928894146,3852856.214775033,403199.0
-2696771.7255056575,-4296876.70379676,3852863.6510795928,403200.0
-2696780.5807854068,-4296864.821819733,3852871.731593242,403201.0
-2696789.187551818,-4296852.852270401,3852878.807935948,403202.0
-2696798.850416922,-4296841.0605817335,3852887.209738891,403203.0
-2696804.7850205125,-4296826.691612951,3852893.8924112464,403204.0
-2696813.201020252,-4296813.1272966545,3852903.794484859,403205.0
-2696826.127857213,-4296802.128826628,3852910.8189659044,403206.0
-2696836.7728750836,-4296788.034258411,3852917.9993071468,403207.0
-2696843.0156433275,-4296772.970775375,3852926.025342301,403208.0
-2696851.21433389,-4296758.338114173,3852937.5410439675,403209.0
-2696861.462738235,-4296745.754713211,3852944.1325061135,403210.0
-2696869.7586233607,-4296733.954922601,3852956.551092383,403211.0
-2696878.1051609525,-4296723.654722244,3852963.839983545,403212.0
-2696886.923309147,-4296709.794763518,3852973.151154407,403213.0
-2696892.300273016,-4296697.541986904,3852989.9746694053,403214.0
-2696899.899301253,-4296684.908031743,3853003.3556413623,403215.0
-2696901.7650908395,-4296667.139611017,3853010.500466994,403216.0
-2696907.2119669416,-4296653.769031258,3853020.397129627,403217.0
-2696913.272408699,-4296639.932275542,3853031.750371752,403218.0
-2696919.6483352785,-4296627.328192794,3853044.78502532,403219.0
-2696925.5081401044,-4296615.391049434,3853052.7661087853,403220.0
-2696932.6258025295,-4296603.545347621,3853059.255278321,403221.0
-2696936.8073687134,-4296591.770534366,3853070.921684202,403222.0
-2696942.6956354165,-4296579.605631782,3853079.2675759722,403223.0
-2696947.6943102716,-4296568.977249517,3853087.828465121,403224.0
-2696953.6552090435,-4296559.609643065,3853099.2389383754,403225.0
-2696960.015742988,-4296550.882459565,3853106.164627534,403226.0
-2696962.4105939744,-4296539.62762418,3853111.604438971,403227.0
-2696966.617182543,-4296528.578407091,3853119.3454784867,403228.0
-2696969.6945358673,-4296519.804204171,3853130.7399911373,403229.0
-2696970.255090822,-4296512.286119434,3853133.555304998,403230.0
-2696973.785611277,-4296512.7020933125,3853133.692678702,403231.0
-2696979.3630096484,-4296510.377791439,3853135.7229805877,403232.0
-2696979.810825092,-4296503.671285997,3853138.189731158,403233.0
-2696981.5402898686,-4296496.8868059665,3853142.698152006,403234.0
-2696984.1364409523,-4296485.317539324,3853147.7608790365,403235.0
-2696985.1819542814,-4296480.363397164,3853151.9286300903,403236.0
-2696990.290600355,-4296475.495533631,3853159.9446581067,403237.0
-2696994.6729938877,-4296466.785461435,3853166.0017810417,403238.0
-2696999.1311960244,-4296456.224221964,3853172.7939814683,403239.0
-2697001.702687852,-4296447.132448875,3853179.3645195323,403240.0
-2697006.9461780773,-4296441.245679203,3853189.2460770933,403241.0
-2697011.1311509204,-4296429.341446972,3853196.8168243584,403242.0
-2697016.4445200353,-4296416.62000164,3853207.3499060427,403243.0
-2697020.532898758,-4296410.17299412,3853215.483633602,403244.0
-2697026.196022236,-4296396.0774522815,3853225.463929403,403245.0
-2697032.308003273,-4296384.886234303,3853232.886552255,403246.0
-2697037.1518174745,-4296376.960476752,3853239.0814875285,403247.0
-2697042.494754564,-4296368.766946458,3853246.400749966,403248.0
-2697047.000465344,-4296360.511780668,3853256.5622104513,403249.0
-2697048.5174296577,-4296345.897533148,3853258.7952649207,403250.0
-2697051.884046327,-4296332.763412697,3853264.8620063015,403251.0
-2697055.9352549617,-4296329.8509525815,3853269.536074226,403252.0
-2697062.410800041,-4296326.944415495,3853280.37645805,403253.0
-2697060.266005243,-4296322.302883297,3853286.754253534,403254.0
-2697061.4695332493,-4296318.482880761,3853289.450801288,403255.0
-2697060.901811387,-4296318.7649307875,3853290.4187488495,403256.0
-2697063.120948686,-4296318.119270146,3853291.301222513,403257.0
-2697061.658813291,-4296314.073457892,3853294.4988662913,403258.0
-2697061.2276224797,-4296307.764713362,3853292.682941662,403259.0
-2697060.775978378,-4296308.524001865,3853294.9061695565,403260.0
-2697059.391463523,-4296309.597039479,3853297.8426932385,403261.0
-2697063.8624573136,-4296315.606304615,3853300.1762825414,403262.0
-2697060.4426008416,-4296314.323170456,3853299.8718829593,403263.0
-2697061.972605643,-4296315.437519102,3853300.5219329773,403264.0
-2697064.3782163546,-4296317.575334292,3853300.3834861517,403265.0
-2697065.306692449,-4296318.302901577,3853301.9914787947,403266.0
-2697063.181918216,-4296314.190615609,3853301.4429802396,403267.0
-2697063.205058938,-4296310.341728744,3853300.5203022277,403268.0
-2697055.283725087,-4296302.60322542,3853296.456175612,403269.0
-2697055.3550601825,-4296300.792342109,3853295.472779068,403270.0
-2697056.5879314737,-4296297.483480069,3853294.6444667825,403271.0
-2697056.824803224,-4296291.901921322,3853296.089062564,403272.0
-2697061.242755138,-4296289.854218533,3853303.4001153097,403273.0
-2697062.3306238004,-4296287.120597303,3853307.1118264296,403274.0
-2697065.1194981933,-4296286.278515623,3853311.420027498,403275.0
-2697065.8525840184,-4296278.912037363,3853314.5663211993,403276.0
-2697065.4274371536,-4296271.997152488,3853322.755162144,403277.0
-2697068.4383411794,-4296268.920801547,3853330.7354911915,403278.0
-2697069.274365109,-4296263.847564164,3853337.562928296,403279.0
-2697070.834307964,-4296255.530561287,3853343.1054599946,403280.0
-2697072.6376278345,-4296250.129130786,3853351.557997338,403281.0
-2697075.8630401315,-4296244.527288849,3853360.137091466,403282.0
-2697083.1862508017,-4296238.626537764,3853371.1928023654,403283.0
-2697084.3164120573,-4296226.576848581,3853379.525810834,403284.0
-2697085.4119249745,-4296218.194569398,3853385.858477289,403285.0
-2697091.0747196586,-4296210.533770179,3853397.147046559,403286.0
-2697093.9691041415,-4296202.605690447,3853405.5580439367,403287.0
-2697095.4281588495,-4296192.72105053,3853412.140319658,403288.0
-2697099.7145203287,-4296182.65711398,3853421.823622768,403289.0
-2697102.6218360076,-4296174.222165059,3853429.7800972788,403290.0
-2697103.749553322,-4296153.77086076,3853444.823317783,403291.0
-2697104.318793613,-4296142.8831180725,3853451.616215635,403292.0
-2697108.932241719,-4296137.703424833,3853464.718280391,403293.0
-2697113.355531053,-4296125.705158386,3853478.378066893,403294.0
-2697117.0052503054,-4296119.928932026,3853481.061791918,403295.0
-2697117.630673009,-4296112.429367982,3853486.760806701,403296.0
-2697117.608996975,-4296101.785958436,3853492.9675417193,403297.0
-2697119.8929098947,-4296092.240259337,3853500.7583687715,403298.0
-2697122.485476838,-4296078.75825084,3853512.9065124197,403299.0
-2697124.480247049,-4296071.433452558,3853517.580192939,403300.0
-2697126.6705124206,-4296065.903291085,3853518.596647711,403301.0
-2697124.9870557776,-4296055.837798676,3853527.2024544706,403302.0
-2697131.0665404224,-4296048.68741149,3853538.5148505424,403303.0
-2697124.3574970057,-4296040.29687024,3853535.870374262,403304.0
-2697133.6012059194,-4296037.477474628,3853545.881427259,403305.0
-2697133.881357098,-4296033.841720128,3853550.176311708,403306.0
-2697134.545753021,-4296031.7343162475,3853546.3065604866,403307.0
-2697134.7044157023,-4296034.263814577,3853554.333557664,403308.0
-2697132.1500356616,-4296021.729788499,3853550.3618121496,403309.0
-2697130.5539979,-4296017.512241283,3853553.3635773677,403310.0
-2697132.07769184,-4296017.51124845,3853552.751367086,403311.0
-2697143.706293674,-4296031.898469086,3853562.798427918,403312.0
-2697162.254357588,-4296041.507391033,3853571.511896017,403313.0
-2697162.797568103,-4296037.757826783,3853573.5313574467,403314.0
-2697158.2680678507,-4296040.989026638,3853582.028812947,403315.0
-2697162.811004558,-4296033.476884366,3853574.4573794818,403316.0
-2697167.324204729,-4296038.655893221,3853577.0400453685,403317.0
-2697163.4647519244,-4296030.518199584,3853571.4457710646,403318.0
-2697158.3834600677,-4296029.535932192,3853569.6448078705,403319.0
-2697163.0291346903,-4296029.139837382,3853571.0078644524,403320.0
-2697162.9306831053,-4296027.125377538,3853571.904234708,403321.0
-2697162.686780033,-4296028.415747911,3853576.9405853585,403322.0
-2697161.923702917,-4296031.020988567,3853575.735731803,403323.0
-2697162.7095037326,-4296033.105360231,3853574.03841463,403324.0
-2697162.6706490275,-4296034.625149449,3853575.4083874766,403325.0
-2697161.754105389,-4296035.092333042,3853575.4466834236,403326.0
-2697158.887756188,-4296034.679835328,3853574.2271046084,403327.0
-2697164.7588154357,-4296035.747982272,3853577.9821921648,403328.0
-2697156.0773727186,-4296028.7517406475,3853575.004325263,403329.0
-2697160.373378579,-4296031.527702851,3853575.4531312427,403330.0
-2697161.478365342,-4296032.383431778,3853578.4212133316,403331.0
-2697163.197509298,-4296034.213010273,3853577.664543869,403332.0
-2697158.5077312943,-4296033.089009928,3853575.8326428756,403333.0
-2697162.865915516,-4296036.086787438,3853576.7067271452,403334.0
-2697162.5527497684,-4296033.112740314,3853577.172420068,403335.0
-2697160.304692402,-4296034.268535239,3853577.757038936,403336.0
-2697158.987745807,-4296031.558306652,3853576.090998438,403337.0
-2697161.0293336664,-4296032.6939691575,3853576.5280310423,403338.0
-2697161.665528801,-4296033.191620523,3853576.3877087883,403339.0
-2697160.4970812486,-4296030.429812757,3853577.149939987,403340.0
-2697160.506821872,-4296031.545742941,3853577.2144259075,403341.0
-2697161.650762437,-4296031.586460047,3853574.6768489787,403342.0
-2697164.257978927,-4296033.407653398,3853573.735798227,403343.0
-2697165.4790907376,-4296031.119449294,3853571.382449527,403344.0
-2697168.179933112,-4296033.847032855,3853575.920600899,403345.0
-2697169.545643255,-4296037.319516665,3853577.599360772,403346.0
-2697172.036592897,-4296034.908864241,3853581.898155601,403347.0
-2697168.1500743944,-4296028.189978989,3853581.6740546147,403348.0
-2697167.003435186,-4296026.362116983,3853587.1845816453,403349.0
-2697166.3821772584,-4296019.849681297,3853589.9952877024,403350.0
-2697168.2498221737,-4296017.175012539,3853593.642463275,403351.0
-2697170.0515212957,-4296018.016722518,3853600.061477103,403352.0
-2697173.418063613,-4296015.991798243,3853607.0096049537,403353.0
-2697181.898941501,-4296013.324742158,3853614.5625236705,403354.0
-2697180.9212429305,-4296005.315644123,3853619.489219705,403355.0
-2697183.2058625263,-4295993.941669138,3853627.0975784417,403356.0
-2697159.3288588063,-4295967.220975507,3853623.9728940157,403357.0
-2697162.710350119,-4295959.299457526,3853634.1338946805,403358.0
-2697163.1295404816,-4295951.429798504,3853638.7234054375,403359.0
-2697164.843374171,-4295940.821649766,3853640.3443965823,403360.0
-2697165.7108338927,-4295927.617299353,3853645.3828357668,403361.0
-2697167.788591394,-4295923.6238323515,3853651.6740531074,403362.0
-2697170.6619215407,-4295918.58379436,3853658.910336631,403363.0
-2697172.764095545,-4295909.042630563,3853666.156070274,403364.0
-2697174.386484074,-4295901.089765038,3853671.791454103,403365.0
-2697177.378146974,-4295888.80614273,3853679.053459646,403366.0
-2697181.090393071,-4295885.649629184,3853691.063423424,403367.0
-2697182.132861694,-4295876.098767812,3853699.685826932,403368.0
-2697187.4082100186,-4295867.462502317,3853708.250028203,403369.0
-2697188.5244228006,-4295854.345385464,3853713.871121198,403370.0
-2697196.227177232,-4295841.658873433,3853724.7836100776,403371.0
-2697200.907486584,-4295833.428388196,3853738.0616939776,403372.0
-2697198.288929698,-4295817.2907675635,3853744.0603418597,403373.0
-2697199.588921738,-4295785.2242547795,3853724.7981440104,403374.0
-2697199.7312702993,-4295775.9854899915,3853737.005842382,403375.0
-2697207.358901033,-4295770.304089328,3853751.8005572828,403376.0
-2697207.7316837097,-4295755.814671129,3853762.175755601,403377.0
-2697222.32232198,-4295747.468600496,3853777.6065316633,403378.0
-2697212.699660843,-4295732.657258593,3853781.718154141,403379.0
-2697216.3583234833,-4295720.225186766,3853791.5234171245,403380.0
-2697219.717992324,-4295710.345488421,3853800.906347426,403381.0
-2697223.179976871,-4295698.768545902,3853811.4906795034,403382.0
-2697226.350215629,-4295690.1119549535,3853826.1434994773,403383.0
-2697228.1889939634,-4295678.859440369,3853834.939748127,403384.0
-2697230.3656293238,-4295665.025197523,3853843.6421631016,403385.0
-2697235.581881344,-4295655.5373074,3853853.984166752,403386.0
-2697233.554474386,-4295646.475295116,3853859.3978484934,403387.0
-2697257.158637721,-4295642.471208354,3853877.1742739985,403388.0
-2697238.6589925606,-4295621.782942269,3853877.9055279144,403389.0
-2697235.7185112163,-4295603.394130994,3853886.345310112,403390.0
-2697236.6209254432,-4295593.875427331,3853894.6720028594,403391.0
-2697243.593340208,-4295584.617991572,3853904.5062336,403392.0
-2697249.797734789,-4295575.138586362,3853914.537267457,403393.0
-2697248.510645683,-4295557.77310535,3853925.0721299583,403394.0
-2697247.8607894047,-4295549.139720372,3853931.94502352,403395.0
-2697256.247589445,-4295541.518919355,3853944.9462799593,403396.0
-2697257.827765036,-4295537.059327216,3853967.620020664,403397.0
-2697266.804893289,-4295526.442694024,3853976.956163338,403398.0
-2697268.626085994,-4295510.172527259,3853978.4298205455,403399.0
-2697270.690790456,-4295500.784466482,3853988.049723205,403400.0
-2697273.303170628,-4295487.976673241,3853995.486191571,403401.0
-2697275.398406421,-4295476.846442485,3854002.278697691,403402.0
-2697280.101224285,-4295465.823931408,3854018.1084098523,403403.0
-2697285.4549195645,-4295453.230676547,3854028.257418363,403404.0
-2697287.082651805,-4295437.771118681,3854032.1343479813,403405.0
-2697293.469403046,-4295424.586356966,3854042.130230872,403406.0
-2697296.912308389,-4295411.598361248,3854048.320974304,403407.0
-2697302.271354014,-4295399.177162835,3854060.5968915513,403408.0
-2697312.0450415225,-4295386.839078815,3854072.3086635927,403409.0
-2697317.764269918,-4295376.051652966,3854082.0878068698,403410.0
-2697347.1239337157,-4295372.4170971075,3854113.197863241,403411.0
-2697354.0064803553,-4295359.6771275615,3854120.6176699684,403412.0
-2697362.121614476,-4295348.741988303,3854130.279628387,403413.0
-2697368.5403439645,-4295335.99038854,3854133.5323676774,403414.0
-2697377.6420460814,-4295321.388813332,3854148.491099434,403415.0
-2697387.9006205434,-4295309.006499719,3854157.0224669,403416.0
-2697391.1411930346,-4295289.829477109,3854159.5337829157,403417.0
-2697400.817983337,-4295278.898297472,3854162.6685020006,403418.0
-2697401.982054627,-4295263.427434901,3854168.6281904695,403419.0
-2697415.7595394463,-4295253.322584173,3854180.879843272,403420.0
-2697425.1419261782,-4295243.339623123,3854187.7793132993,403421.0
-2697432.840369374,-4295232.021820127,3854193.737657721,403422.0
-2697444.513239135,-4295224.432868515,3854200.010913395,403423.0
-2697454.609297175,-4295214.0354228215,3854213.627951179,403424.0
-2697450.4995306423,-4295200.744721962,3854212.0981144872,403425.0
-2697464.791768059,-4295196.900605339,3854223.8149707993,403426.0
-2697470.649181026,-4295194.691817916,3854226.8779803677,403427.0
-2697474.379281453,-4295187.65145556,3854227.662918694,403428.0
-2697479.065682377,-4295182.473159169,3854230.7586379866,403429.0
-2697477.5339795384,-4295178.368673877,3854233.4518407574,403430.0
-2697478.333914889,-4295178.965246258,3854234.0660719676,403431.0
-2697480.181017815,-4295180.189125379,3854236.479561414,403432.0
-2697481.7665398177,-4295180.861972738,3854232.508730843,403433.0
-2697479.9754909654,-4295181.242942178,3854231.557661897,403434.0
-2697479.344986341,-4295177.420486417,3854232.165338633,403435.0
-2697483.6493030153,-4295179.179564956,3854237.422843978,403436.0
-2697486.559004394,-4295177.600039784,3854240.071540127,403437.0
-2697491.0451822234,-4295175.458099281,3854243.92981402,403438.0
-2697499.0071571227,-4295170.175532614,3854248.5883770403,403439.0
-2697500.8535594684,-4295166.056380377,3854251.746187112,403440.0
-2697507.157341843,-4295161.93422543,3854255.8257569536,403441.0
-2697513.119868815,-4295154.633059084,3854257.7219718597,403442.0
-2697508.808278221,-4295142.339125449,3854256.2630353933,403443.0
-2697515.3165699453,-4295134.719928797,3854264.013475306,403444.0
-2697521.0826909016,-4295124.696240302,3854267.215905552,403445.0
-2697527.6390870437,-4295116.068804843,3854273.9608738404,403446.0
-2697529.0448099,-4295096.305211838,3854279.3547202107,403447.0
-2697537.99354266,-4295088.621529676,3854281.1968825236,403448.0
-2697547.7330191866,-4295083.698577945,3854286.794997663,403449.0
-2697561.069262577,-4295079.160473039,3854294.2329909555,403450.0
-2697567.6841185605,-4295071.441196532,3854300.135557596,403451.0
-2697575.9974448397,-4295061.9550424,3854309.691987633,403452.0
-2697580.920971339,-4295055.954349307,3854310.8003030103,403453.0
-2697581.795974275,-4295047.548105684,3854311.263520414,403454.0
-2697584.4224998998,-4295038.874729966,3854316.423059578,403455.0
-2697592.9039376145,-4295034.007281413,3854322.9206221816,403456.0
-2697595.127936293,-4295019.512696632,3854328.3655109303,403457.0
-2697578.3486023503,-4294987.436870173,3854337.826178459,403458.0
-2697607.5436513987,-4295000.020556055,3854334.3153294483,403459.0
-2697617.541412804,-4294993.563216835,3854345.870798321,403460.0
-2697624.472340387,-4294981.00797678,3854349.8853445253,403461.0
-2697634.1758332704,-4294972.0300126355,3854358.7488215235,403462.0
-2697647.8892346523,-4294966.353364534,3854363.8561410424,403463.0
-2697661.044656642,-4294957.646445601,3854369.487339836,403464.0
-2697666.7313401345,-4294945.00481742,3854377.910118742,403465.0
-2697673.317252641,-4294930.498645294,3854382.4893756616,403466.0
-2697672.839305942,-4294920.3139196355,3854379.263885796,403467.0
-2697689.6800410133,-4294908.8368973145,3854397.048007687,403468.0
-2697691.574648521,-4294897.157695239,3854397.7212386457,403469.0
-2697708.0332586863,-4294890.581328084,3854414.2559098476,403470.0
-2697719.2192820353,-4294882.558204616,3854421.7780388775,403471.0
-2697715.347848275,-4294858.11716278,3854422.502692051,403472.0
-2697723.0232211375,-4294846.548417214,3854428.63915388,403473.0
-2697728.5453260327,-4294835.83913778,3854435.5721363667,403474.0
-2697735.034990234,-4294823.982568481,3854442.2908259737,403475.0
-2697743.8720096676,-4294816.8176565105,3854450.519434763,403476.0
-2697753.64453263,-4294811.147106724,3854456.158500882,403477.0
-2697758.0784306354,-4294797.166010858,3854458.2819472975,403478.0
-2697767.247249493,-4294792.769280802,3854463.565483176,403479.0
-2697773.034969858,-4294781.359312667,3854469.604251597,403480.0
-2697777.7742658486,-4294764.011526607,3854479.1899442747,403481.0
-2697786.153758323,-4294755.579024393,3854485.008574906,403482.0
-2697791.149246456,-4294744.787556688,3854488.8991334825,403483.0
-2697802.9047196056,-4294737.829621022,3854499.8902587113,403484.0
-2697812.0028320514,-4294727.274970429,3854502.781896935,403485.0
-2697820.9274642146,-4294716.555108669,3854511.0464242427,403486.0
-2697829.5921567953,-4294700.025539815,3854518.868097885,403487.0
-2697838.437803026,-4294691.594123419,3854524.744230308,403488.0
-2697848.6437851195,-4294685.540848755,3854533.9349385323,403489.0
-2697855.882310667,-4294672.506625107,3854536.9520195452,403490.0
-2697860.7196807377,-4294657.080020373,3854544.7809234574,403491.0
-2697868.955323837,-4294645.255296184,3854551.8901050217,403492.0
-2697877.507662428,-4294631.899294591,3854559.557696192,403493.0
-2697884.7529994682,-4294621.7948118,3854563.970121864,403494.0
-2697896.4033061606,-4294610.915258342,3854573.1127964454,403495.0
-2697906.540059745,-4294598.413593231,3854576.657634598,403496.0
-2697916.9534165733,-4294589.853811629,3854584.219725371,403497.0
-2697923.76835747,-4294577.460145304,3854592.513823536,403498.0
-2697933.02712091,-4294563.864205093,3854597.692293825,403499.0
-2697943.019697119,-4294553.185461649,3854605.8290126887,403500.0
-2697952.5018999567,-4294540.337849154,3854614.3824206223,403501.0
-2697960.1328552254,-4294534.8246811535,3854619.9658022816,403502.0
-2697968.5165130384,-4294522.882871186,3854627.076657414,403503.0
-2697969.756630196,-4294505.769840179,3854633.396941278,403504.0
-2697978.015180954,-4294496.084262561,3854639.979215058,403505.0
-2697991.3787310403,-4294487.5716492785,3854650.9004729413,403506.0
-2698006.1889204136,-4294480.1479077125,3854663.9603195256,403507.0
-2698011.601690415,-4294472.240369262,3854660.986378919,403508.0
-2698015.3545567426,-4294459.332195926,3854664.8673725184,403509.0
-2698032.154721343,-4294449.439927551,3854681.893420993,403510.0
-2698028.829387643,-4294438.351176529,3854672.403576603,403511.0
-2698036.469241781,-4294425.55558138,3854683.8587870975,403512.0
-2698043.480901428,-4294415.604451349,3854689.7697273735,403513.0
-2698047.2108946242,-4294405.207000876,3854695.0343100415,403514.0
-2698053.424531384,-4294395.922322019,3854700.3018952357,403515.0
-2698053.4232326895,-4294390.7943178145,3854696.023682725,403516.0
-2698058.9099263805,-4294379.811613061,3854705.1295507695,403517.0
-2698069.5833520778,-4294372.495028963,3854714.889098859,403518.0
-2698076.3254239107,-4294365.426412609,3854717.0375672732,403519.0
-2698082.750336659,-4294360.598918761,3854719.719993474,403520.0
-2698083.2550450303,-4294353.6059935205,3854719.9679647204,403521.0
-2698083.2546122116,-4294346.7181488685,3854719.9712438425,403522.0
-2698097.1446882337,-4294346.655708293,3854735.76213309,403523.0
-2698092.347006142,-4294351.768178635,3854733.547616226,403524.0
-2698084.9215435237,-4294345.9303660495,3854723.38492524,403525.0
-2698088.4668802223,-4294338.418478639,3854726.0091927433,403526.0
-2698086.8787720525,-4294338.2057040855,3854722.723691801,403527.0
-2698084.9915067744,-4294332.660919576,3854723.783392722,403528.0
-2698081.3506694613,-4294341.354270536,3854726.691280161,403529.0
-2698080.458753363,-4294348.968261095,3854723.3776031286,403530.0
-2698087.1733193854,-4294351.695052674,3854720.468806199,403531.0
-2698083.10903724,-4294346.349981882,3854716.302771872,403532.0
-2698083.3886026694,-4294348.823986639,3854718.544685583,403533.0
-2698082.6530827316,-4294346.360957158,3854720.521308784,403534.0
-2698084.601370349,-4294347.495466683,3854726.5975469677,403535.0
-2698085.547197006,-4294350.662324414,3854727.5518647674,403536.0
-2698086.3517789617,-4294349.757982766,3854727.7613627645,403537.0
-2698087.451472203,-4294349.943975853,3854726.8520370787,403538.0
-2698086.612025769,-4294350.481113177,3854727.306405362,403539.0
-2698085.2568627098,-4294350.872576924,3854729.8404499367,403540.0
-2698086.2468288015,-4294350.826830585,3854730.2521653255,403541.0
-2698088.029277205,-4294350.20479508,3854731.1892301915,403542.0
-2698089.0360100744,-4294351.955276395,3854730.513468486,403543.0
-2698089.4549705223,-4294351.087755677,3854731.572786831,403544.0
-2698090.0314328545,-4294352.955324416,3854734.255870534,403545.0
-2698097.1884863856,-4294351.656035634,3854744.0500040203,403546.0
-2698087.0308688395,-4294349.904306148,3854731.095745445,403547.0
-2698083.324988295,-4294349.492216659,3854728.3844247707,403548.0
-2698082.1540449015,-4294349.781577703,3854729.959983023,403549.0
-2698083.555452947,-4294349.323418911,3854730.864658338,403550.0
-2698083.5362263424,-4294348.30616014,3854728.5298892376,403551.0
-2698081.681393513,-4294351.627639494,3854725.742702429,403552.0
-2698083.337449277,-4294352.328419651,3854726.3454710334,403553.0
-2698081.7609835733,-4294350.044683344,3854728.120659326,403554.0
-2698083.354736638,-4294348.937014111,3854729.3893800713,403555.0
-2698083.733744348,-4294349.768944427,3854729.595818674,403556.0
-2698087.438224975,-4294353.224274923,3854729.511954545,403557.0
-2698085.46701023,-4294356.35852378,3854726.0206898353,403558.0
-2698081.241809727,-4294353.6239146385,3854724.548837783,403559.0
-2698081.7126730233,-4294353.960041571,3854726.2299445886,403560.0
-2698077.8910831106,-4294351.376961608,3854727.245510908,403561.0
-2698083.256092237,-4294353.688875129,3854730.800186518,403562.0
-2698086.0481418734,-4294351.223335839,3854732.0452420632,403563.0
-2698087.1806491106,-4294353.965075421,3854730.8417104473,403564.0
-2698089.2636709856,-4294354.239962896,3854730.519050206,403565.0
-2698089.4512795624,-4294355.469538704,3854733.4517150195,403566.0
-2698090.2589293504,-4294353.686327034,3854734.7448171256,403567.0
-2698089.5916311545,-4294355.030809367,3854733.6665220438,403568.0
-2698089.4095936157,-4294353.8637099415,3854735.0625181813,403569.0
-2698085.5061123464,-4294350.684198198,3854730.8938346407,403570.0
-2698084.388645008,-4294349.440148719,3854729.742293093,403571.0
-2698083.1711084084,-4294350.067289153,3854725.656680491,403572.0
-2698082.068190254,-4294349.993110665,3854727.910966606,403573.0
-2698083.1668460816,-4294349.59111001,3854728.0093448632,403574.0
-2698083.6599552506,-4294349.061744384,3854726.4318962866,403575.0
-2698084.7814209084,-4294351.145570908,3854729.227003283,403576.0
-2698085.4924316327,-4294353.05695808,3854732.20630536,403577.0
-2698085.8705388634,-4294350.743127035,3854730.152075348,403578.0
-2698085.7147128917,-4294350.4639780475,3854732.471250631,403579.0
-2698083.655348513,-4294347.126748524,3854733.6170910625,403580.0
-2698085.018190612,-4294350.165654312,3854731.4878025926,403581.0
-2698068.492738602,-4294338.411383606,3854729.8698505643,403582.0
-2698068.0598401413,-4294340.773151676,3854729.491344076,403583.0
-2698078.5724982526,-4294348.481051727,3854730.3588999175,403584.0
-2698077.0337835387,-4294347.173219683,3854729.948049736,403585.0
-2698083.8160139364,-4294352.72508617,3854734.0809982233,403586.0
-2698085.061395234,-4294356.910463862,3854732.651581871,403587.0
-2698087.5831123916,-4294357.529389838,3854730.4930737326,403588.0
-2698089.3212313703,-4294351.205287584,3854733.161451662,403589.0
-2698087.9546347125,-4294350.35684622,3854728.4387881416,403590.0
-2698089.8889006553,-4294351.366423911,3854730.8114902833,403591.0
-2698084.1277638716,-4294356.163715548,3854728.532410576,403592.0
-2698089.547386892,-4294359.778705308,3854730.3277740106,403593.0
-2698092.4280491266,-4294359.500182323,3854727.6064151954,403594.0
-2698094.2714091195,-4294361.979423308,3854724.481132333,403595.0
-2698101.627844771,-4294363.162901461,3854733.933668036,403596.0
-2698094.206683091,-4294360.456537771,3854733.0153144104,403597.0
-2698094.2658507135,-4294359.422036249,3854733.0608193884,403598.0
-2698090.3437856026,-4294356.038378929,3854731.4690105114,403599.0
-2698089.0816496536,-4294358.234551007,3854733.189590486,403600.0
-2698086.422906694,-4294354.598036725,3854727.7381022056,403601.0
-2698092.4470523875,-4294358.6491635,3854726.920695328,403602.0
-2698094.23016683,-4294360.412199285,3854725.233033917,403603.0
-2698092.8471510657,-4294360.847139677,3854725.983677515,403604.0
-2698097.9512978885,-4294360.5535276,3854729.505897143,403605.0
-2698094.4892940987,-4294351.498695172,3854734.38249887,403606.0
-2698084.242030025,-4294335.410715001,3854737.3969581486,403607.0
-2698096.1931564836,-4294339.641826012,3854742.5444518514,403608.0
-2698099.126309434,-4294334.761775363,3854746.2717722147,403609.0
-2698103.1755577708,-4294329.035586952,3854744.938497699,403610.0
-2698109.1002860693,-4294325.732753238,3854748.245614741,403611.0
-2698111.1177949347,-4294314.259657768,3854755.094078251,403612.0
-2698119.1152781774,-4294310.359194638,3854755.3070703126,403613.0
-2698125.4535924126,-4294304.058490992,3854758.6648691157,403614.0
-2698131.60350444,-4294299.307449975,3854764.3112495397,403615.0
-2698145.3657844285,-4294303.323176876,3854767.6134136342,403616.0
-2698142.478824017,-4294282.949097562,3854773.634632563,403617.0
-2698150.1891298112,-4294274.965403559,3854779.4889487764,403618.0
-2698153.7269106563,-4294264.464441159,3854784.5377652254,403619.0
-2698160.9728820915,-4294254.136277099,3854793.3490489223,403620.0
-2698167.1757421624,-4294245.783896467,3854796.538475802,403621.0
-2698174.9184115482,-4294233.504646306,3854803.4058508975,403622.0
-2698183.844998848,-4294228.261841661,3854809.8265091535,403623.0
-2698191.7335331836,-4294219.857870186,3854813.552980479,403624.0
-2698197.3869859027,-4294207.862202211,3854823.8998787315,403625.0
-2698199.4975471497,-4294193.686697463,3854825.5274719754,403626.0
-2698209.8726439644,-4294188.647995743,3854832.8567918153,403627.0
-2698216.1584396563,-4294178.6041959105,3854838.1906217667,403628.0
-2698225.26815955,-4294169.005067605,3854845.068661028,403629.0
-2698226.7076040762,-4294150.49473402,3854850.8048171215,403630.0
-2698239.905848648,-4294145.95052181,3854855.8984202337,403631.0
-2698246.299506019,-4294130.491081053,3854871.743641098,403632.0
-2698254.5293425918,-4294125.743577964,3854871.2680909685,403633.0
-2698266.8272924144,-4294112.732433214,3854874.337455438,403634.0
-2698268.7142456113,-4294095.202174156,3854873.6771511845,403635.0
-2698287.3737102253,-4294086.579110367,3854885.9246263383,403636.0
-2698297.389837908,-4294085.607419896,3854893.74581285,403637.0
-2698301.7100417796,-4294059.415418611,3854899.1908802623,403638.0
-2698310.725807858,-4294060.138082431,3854907.0712768883,403639.0
-2698317.1984029897,-4294041.622938958,3854914.019419655,403640.0
-2698326.5576341827,-4294031.847506508,3854919.6867367495,403641.0
-2698336.1594756837,-4294022.149666639,3854928.363379151,403642.0
-2698340.721303622,-4294005.667241626,3854935.6224764027,403643.0
-2698350.65204256,-4293993.0239844695,3854939.669122904,403644.0
-2698357.447490355,-4293982.046633114,3854948.7526040375,403645.0
-2698364.6183395074,-4293971.223432703,3854956.479461896,403646.0
-2698377.823964982,-4293962.845145156,3854964.0953107486,403647.0
-2698384.430438705,-4293954.0882483795,3854966.937487455,403648.0
-2698392.366257204,-4293945.203384492,3854978.0705062873,403649.0
-2698394.0947207883,-4293930.333084251,3854981.878079186,403650.0
-2698403.208809775,-4293923.334498323,3854988.637136532,403651.0
-2698425.7329914756,-4293915.399125501,3855014.106848504,403652.0
-2698404.9334005984,-4293894.4805427585,3855006.1390111623,403653.0
-2698408.2522761393,-4293886.218653603,3855015.623693821,403654.0
-2698420.5512399995,-4293878.424609674,3855022.0932308054,403655.0
-2698431.0892269947,-4293875.729937192,3855029.3659063997,403656.0
-2698436.1777721103,-4293868.340457717,3855036.195753407,403657.0
-2698432.3812730443,-4293852.941837847,3855038.5083880424,403658.0
-2698441.2276718286,-4293845.316466271,3855048.6389105665,403659.0
-2698453.8345279736,-4293840.175080339,3855059.92936726,403660.0
-2698454.1795620867,-4293829.497445587,3855067.006867863,403661.0
-2698463.3444087086,-4293821.367781985,3855080.298546347,403662.0
-2698461.882221607,-4293816.309068566,3855081.005094315,403663.0
-2698454.7062427443,-4293807.177656425,3855079.457201129,403664.0
-2698462.3701170874,-4293801.050714217,3855093.4575050203,403665.0
-2698460.5410887953,-4293788.430647513,3855091.7670774064,403666.0
-2698467.148989252,-4293782.734887476,3855100.222953894,403667.0
-2698471.2219562586,-4293776.242460518,3855104.2099605873,403668.0
-2698479.0225639823,-4293776.231444892,3855108.7876610034,403669.0
-2698481.039744932,-4293771.503169727,3855115.205670471,403670.0
-2698481.9498864217,-4293767.412307136,3855119.990002482,403671.0
-2698482.6996497647,-4293766.823122461,3855128.0737612788,403672.0
-2698483.4281028314,-4293755.587410917,3855132.2239650646,403673.0
-2698484.6281754863,-4293747.051130823,3855131.1267793984,403674.0
-2698488.2140663248,-4293738.898695795,3855133.6374048935,403675.0
-2698491.5534777073,-4293737.469568514,3855137.382082923,403676.0
-2698490.321879126,-4293732.554417922,3855139.554470176,403677.0
-2698490.9638711927,-4293727.021986678,3855140.350895841,403678.0
-2698492.6357558738,-4293727.47100043,3855144.1598863075,403679.0
-2698491.3711708817,-4293728.330594829,3855140.32709288,403680.0
-2698496.9825790166,-4293729.586631089,3855145.660383576,403681.0
-2698498.0173928146,-4293728.885377863,3855146.6729999622,403682.0
-2698492.7198010627,-4293728.439099175,3855141.1607494755,403683.0
-2698491.790228379,-4293731.811487131,3855141.503886925,403684.0
-2698491.0795114185,-4293727.861031197,3855140.921581184,403685.0
-2698487.4867303926,-4293728.562256104,3855141.8589722845,403686.0
-2698488.062771804,-4293727.150504844,3855141.412503587,403687.0
-2698492.0065238317,-4293732.452556139,3855142.3251551045,403688.0
-2698495.3218222326,-4293734.532121828,3855141.3875168622,403689.0
-2698493.644436396,-4293732.364321561,3855141.5238937624,403690.0
-2698492.3291281383,-4293729.580603483,3855140.920257732,403691.0
-2698496.11876636,-4293733.35037501,3855140.9046632866,403692.0
-2698494.1942656706,-4293729.361838224,3855140.874300131,403693.0
-2698492.192816832,-4293727.989299627,3855141.945171156,403694.0
-2698494.544257985,-4293731.94756475,3855140.625723522,403695.0
-2698491.2583593815,-4293727.717842121,3855141.0659229527,403696.0
-2698492.2621640894,-4293730.905127762,3855140.7831507167,403697.0
-2698492.2449545246,-4293732.902643861,3855141.282946112,403698.0
-2698493.8417978613,-4293731.803746322,3855143.156576115,403699.0
-2698495.8107220894,-4293728.12071838,3855146.8652311335,403700.0
-2698502.2811587173,-4293722.684883931,3855153.9293648065,403701.0
-2698500.4394869576,-4293716.0935774315,3855154.2179604135,403702.0
-2698504.1792766564,-4293709.824858908,3855159.0224838047,403703.0
-2698504.5801940896,-4293703.269777837,3855162.68670192,403704.0
-2698505.737625672,-4293698.90165914,3855166.159987464,403705.0
-2698504.9296789216,-4293696.40972145,3855167.638170826,403706.0
-2698505.064829739,-4293692.759754366,3855171.333306931,403707.0
-2698507.906415,-4293693.427859849,3855173.0191522194,403708.0
-2698509.010518426,-4293687.318187831,3855176.9460955383,403709.0
-2698510.60869297,-4293681.924257654,3855178.367518712,403710.0
-2698516.370679215,-4293677.54168967,3855177.3314912515,403711.0
-2698525.381643579,-4293682.3855380155,3855170.782480985,403712.0
-2698529.1677010977,-4293682.211139508,3855166.0047133192,403713.0
-2698529.448467175,-4293678.778529989,3855157.8691411996,403714.0
-2698537.278000119,-4293681.904542556,3855151.53407783,403715.0
-2698543.6075243466,-4293684.060800136,3855146.874647628,403716.0
-2698550.471926069,-4293685.06777279,3855139.988890883,403717.0
-2698560.3849097914,-4293697.806239269,3855135.7347916095,403718.0
-2698566.4271208155,-4293692.168023548,3855127.6695967996,403719.0
-2698575.682754729,-4293692.891752258,3855120.255521868,403720.0
-2698585.3792164824,-4293687.886565139,3855111.150019525,403721.0
-2698595.0403729607,-4293686.8498191135,3855101.1958832657,403722.0
-2698602.4423440266,-4293691.289998664,3855095.4775565295,403723.0
-2698608.216599422,-4293690.408821508,3855086.0270807575,403724.0
-2698617.1415842706,-4293691.64130223,3855082.7536104624,403725.0
-2698621.9372892496,-4293693.2961069625,3855075.743289463,403726.0
-2698626.8483359907,-4293695.054056487,3855073.5303082233,403727.0
-2698633.460387588,-4293698.709834964,3855070.4455065555,403728.0
-2698636.955617364,-4293702.692454785,3855068.8525604256,403729.0
-2698640.521632815,-4293703.54650261,3855065.3022294505,403730.0
-2698643.1489811395,-4293701.52929538,3855061.2149875644,403731.0
-2698643.835534934,-4293699.209303728,3855059.6684747944,403732.0
-2698646.419369221,-4293701.8781559635,3855059.849189805,403733.0
-2698648.9510378954,-4293712.022300331,3855064.8238730296,403734.0
-2698650.0054127574,-4293711.678262597,3855062.8412392354,403735.0
-2698650.878353999,-4293706.408851407,3855057.8072474017,403736.0
-2698651.7806655527,-4293706.15126833,3855052.2128752307,403737.0
-2698657.9654248506,-4293707.0004556,3855053.4853816484,403738.0
-2698657.7969950964,-4293707.006791363,3855050.9907632605,403739.0
-2698664.1405397416,-4293709.684351548,3855050.3931802586,403740.0
-2698654.904220657,-4293704.431591794,3855050.457081648,403741.0
-2698653.337403097,-4293703.115473817,3855049.1469967766,403742.0
-2698654.4375289753,-4293698.987344714,3855049.31439275,403743.0
-2698656.623098538,-4293703.2443545265,3855047.8479231847,403744.0
-2698664.03766065,-4293711.735250907,3855047.3756778836,403745.0
-2698666.711892508,-4293715.2377088815,3855046.805352246,403746.0
-2698666.9325449117,-4293715.183102145,3855043.0553059797,403747.0
-2698671.817096908,-4293714.4780182745,3855037.488093162,403748.0
-2698677.41002962,-4293713.719512803,3855030.6619246327,403749.0
-2698682.3252479113,-4293710.49025208,3855023.273024814,403750.0
-2698688.1427942435,-4293714.495989814,3855022.920598193,403751.0
-2698695.17071319,-4293724.465046431,3855014.9261365538,403752.0
-2698702.421497926,-4293718.790651842,3855006.2626242493,403753.0
-2698710.8919512792,-4293722.4902319405,3855000.1718953745,403754.0
-2698722.2792671584,-4293725.5620651515,3854986.7984034284,403755.0
-2698732.546292416,-4293729.499669986,3854978.505226775,403756.0
-2698743.8955401583,-4293723.665576191,3854966.578859604,403757.0
-2698743.9309667572,-4293716.212100289,3854958.8916676464,403758.0
-2698770.441497096,-4293733.075477572,3854950.3448919747,403759.0
-2698773.2951833615,-4293728.224230542,3854943.0068326914,403760.0
-2698782.1383709973,-4293728.367772829,3854933.5526291686,403761.0
-2698798.1363240923,-4293741.087458796,3854927.7245583567,403762.0
-2698803.951805004,-4293737.003677009,3854917.905003975,403763.0
-2698808.2481559226,-4293740.522194321,3854914.147674604,403764.0
-2698813.5388817303,-4293736.111945285,3854906.5251368186,403765.0
-2698815.3050897177,-4293728.281516236,3854896.6521664117,403766.0
-2698824.1225020774,-4293733.595610613,3854892.7098587207,403767.0
-2698828.767695176,-4293735.3793694535,3854887.437100741,403768.0
-2698841.5483351247,-4293738.755432211,3854883.1164880013,403769.0
-2698846.6447826973,-4293740.222964777,3854873.130678535,403770.0
-2698857.461128111,-4293743.380128388,3854862.919008555,403771.0
-2698868.129739519,-4293745.14836792,3854856.633754591,403772.0
-2698878.6681301533,-4293752.139073157,3854851.7921859133,403773.0
-2698888.0699772737,-4293754.332711267,3854844.103357184,403774.0
-2698900.7308342573,-4293758.556907963,3854833.204993245,403775.0
-2698905.9124405663,-4293751.152585649,3854817.4389852565,403776.0
-2698917.018167655,-4293756.533031414,3854811.5015219906,403777.0
-2698927.3332168167,-4293755.969133955,3854800.75402731,403778.0
-2698940.042321781,-4293759.185527177,3854791.923170235,403779.0
-2698954.0341614354,-4293761.424542505,3854784.383541117,403780.0
-2698963.022455877,-4293763.162749094,3854774.199363699,403781.0
-2698973.8687169543,-4293763.850863146,3854765.108302314,403782.0
-2698987.4975256473,-4293766.446797364,3854757.723494283,403783.0
-2698998.6948662098,-4293768.412992466,3854750.4383076993,403784.0
-2699005.32566411,-4293773.074056539,3854737.744639169,403785.0
-2699011.3609334803,-4293772.510695927,3854728.8338310937,403786.0
-2699018.400240972,-4293772.4278232185,3854720.4893666874,403787.0
-2699026.2365753483,-4293772.519623218,3854712.825862342,403788.0
-2699033.8809984764,-4293774.311586733,3854708.3497050446,403789.0
-2699041.795623582,-4293780.552026273,3854706.3277375256,403790.0
-2699049.3044049805,-4293780.688575619,3854699.6584710013,403791.0
-2699055.3669404704,-4293782.00658468,3854692.455187583,403792.0
-2699062.4719622047,-4293784.799588254,3854687.7608959773,403793.0
-2699071.3466870515,-4293808.508167821,3854688.630521749,403794.0
-2699078.638396604,-4293789.976664113,3854675.159388297,403795.0
-2699083.9638327514,-4293788.451386353,3854668.2032923503,403796.0
-2699086.975470317,-4293789.307727827,3854667.5574348364,403797.0
-2699090.1373354774,-4293790.660198908,3854665.4935421655,403798.0
-2699089.964282783,-4293783.468857153,3854664.316573667,403799.0
-2699091.5144028924,-4293779.864949739,3854662.699758278,403800.0
-2699090.3396214005,-4293783.852019294,3854664.8932338813,403801.0
-2699091.5893859966,-4293791.257158864,3854666.5348715936,403802.0
-2699090.1016723053,-4293793.287732535,3854666.923870475,403803.0
-2699089.3657550192,-4293793.855943715,3854668.4816353684,403804.0
-2699092.1460950566,-4293797.425821678,3854671.109225,403805.0
-2699092.487063665,-4293799.796770802,3854670.908562853,403806.0
-2699091.658891021,-4293797.706880361,3854669.17234334,403807.0
-2699091.3144748197,-4293794.9768883055,3854663.877567308,403808.0
-2699091.9715541997,-4293793.400866947,3854663.4982110336,403809.0
-2699086.74230054,-4293787.742850183,3854665.854715727,403810.0
-2699085.3821731964,-4293789.603453318,3854669.333182417,403811.0
-2699083.6035865773,-4293787.692106155,3854671.654088365,403812.0
-2699080.508748787,-4293791.731127763,3854678.30283927,403813.0
-2699082.6339803934,-4293790.424366152,3854679.1781887584,403814.0
-2699088.024997047,-4293791.543165319,3854677.9171186057,403815.0
-2699084.4260700825,-4293779.670804546,3854669.803639649,403816.0
-2699086.1848221994,-4293787.9627218945,3854672.5067745186,403817.0
-2699083.035086899,-4293786.807762295,3854670.9261418334,403818.0
-2699087.80940152,-4293802.870247847,3854675.842106123,403819.0
-2699086.4007626884,-4293795.599372812,3854671.2020698898,403820.0
-2699087.6580792377,-4293795.242470226,3854672.6344862883,403821.0
-2699086.6401100783,-4293795.550288833,3854669.9444949334,403822.0
-2699090.3689444764,-4293791.794104006,3854671.1359800017,403823.0
-2699091.426245765,-4293795.771395432,3854671.6811366775,403824.0
-2699092.0951661505,-4293805.804464954,3854674.385240997,403825.0
-2699089.105118361,-4293785.951470987,3854670.732997219,403826.0
-2699088.1345711555,-4293796.136066964,3854672.2888664464,403827.0
-2699085.711608955,-4293791.308926735,3854669.584334503,403828.0
-2699084.990200915,-4293787.913373766,3854669.3430326083,403829.0
-2699083.683593363,-4293788.844005039,3854668.48881029,403830.0
-2699084.726002783,-4293784.667168815,3854671.2850895994,403831.0
-2699086.39915923,-4293786.6185547775,3854672.2247991073,403832.0
-2699087.2209457415,-4293791.76054451,3854676.267773947,403833.0
-2699087.5963040604,-4293790.391736739,3854673.212846322,403834.0
-2699087.202503098,-4293788.883725682,3854668.8725388893,403835.0
-2699087.614968373,-4293787.540377928,3854668.182997455,403836.0
-2699087.71648998,-4293787.1628378825,3854665.256421044,403837.0
-2699088.2391762054,-4293784.350546235,3854662.9394092183,403838.0
-2699090.2660178975,-4293780.969215842,3854659.0413843044,403839.0
-2699094.554079863,-4293782.506969739,3854654.7589886594,403840.0
-2699096.4435577756,-4293781.780059062,3854649.220956284,403841.0
-2699100.7909160266,-4293786.641490623,3854646.995903745,403842.0
-2699104.6108430824,-4293784.909615243,3854644.9294576272,403843.0
-2699101.267082183,-4293782.140143936,3854632.9866376612,403844.0
-2699106.641992863,-4293783.659872221,3854630.4865434435,403845.0
-2699116.773505382,-4293786.889898828,3854628.7776877494,403846.0
-2699126.4278828264,-4293784.230078949,3854622.6305625006,403847.0
-2699129.845471218,-4293788.211488518,3854615.1036843513,403848.0
-2699142.4927602424,-4293794.238142944,3854608.1753153726,403849.0
-2699145.5126711447,-4293792.419178683,3854605.213822067,403850.0
-2699147.7216966944,-4293787.81573063,3854596.7740420494,403851.0
-2699174.0267283134,-4293812.2124343,3854580.3457439523,403852.0
-2699183.2246796736,-4293816.137412732,3854571.9990292634,403853.0
-2699198.469433948,-4293822.074742659,3854567.9625094426,403854.0
-2699206.9280109988,-4293820.477694078,3854566.6671760054,403855.0
-2699209.0995114343,-4293815.25847828,3854560.139345257,403856.0
-2699218.902306405,-4293815.823377843,3854552.0305174273,403857.0
-2699224.2593737915,-4293815.685841355,3854544.154579621,403858.0
-2699231.3635084517,-4293817.189384868,3854533.9851004607,403859.0
-2699237.1947281207,-4293817.819723519,3854530.3120916947,403860.0
-2699241.1673542834,-4293818.359859355,3854523.0780716003,403861.0
-2699242.341548733,-4293816.319783503,3854518.710447888,403862.0
-2699244.9668366476,-4293813.651155939,3854516.6975260237,403863.0
-2699247.316045942,-4293813.562649388,3854509.1088707424,403864.0
-2699263.9056656635,-4293818.5372854145,3854510.693707328,403865.0
-2699274.7574260184,-4293825.09152149,3854502.7132274536,403866.0
-2699283.4507557154,-4293824.988719367,3854492.779886632,403867.0
-2699290.856261396,-4293830.083224611,3854483.5028741886,403868.0
-2699301.343430681,-4293833.4679725915,3854477.2938041533,403869.0
-2699308.407152375,-4293831.534112959,3854471.1702296264,403870.0
-2699318.8353748526,-4293833.108308212,3854463.202386112,403871.0
-2699325.2110557975,-4293835.644945119,3854457.6931336937,403872.0
-2699337.5352942795,-4293839.364136739,3854450.865187454,403873.0
-2699346.060014718,-4293839.230703963,3854447.766619835,403874.0
-2699351.068314143,-4293838.802550578,3854439.6365374993,403875.0
-2699354.820525377,-4293840.7001948645,3854432.6294925157,403876.0
-2699358.025102615,-4293838.883371815,3854432.3913558456,403877.0
-2699357.657880415,-4293837.592539648,3854425.8745531845,403878.0
-2699352.8953373726,-4293840.481423552,3854424.8452805094,403879.0
-2699357.919416394,-4293842.429520794,3854427.608223166,403880.0
-2699358.1994430106,-4293840.435920922,3854426.2254995187,403881.0
-2699363.7417738633,-4293840.64442959,3854432.9404431945,403882.0
-2699369.42769257,-4293840.088379866,3854440.287757046,403883.0
-2699368.47452889,-4293839.831160444,3854436.2237762176,403884.0
-2699361.7447604015,-4293838.169566315,3854428.273340469,403885.0
-2699353.789923887,-4293829.850076531,3854427.9818544793,403886.0
-2699354.6327723684,-4293831.707417251,3854426.811543121,403887.0
-2699353.593713067,-4293831.625850068,3854425.542376249,403888.0
-2699359.561581811,-4293833.748530987,3854428.876085752,403889.0
-2699364.208074617,-4293834.400641938,3854430.058809786,403890.0
-2699369.113913572,-4293836.369332256,3854429.6616503494,403891.0
-2699372.9341533748,-4293834.6883700015,3854436.082723527,403892.0
-2699375.398966709,-4293824.391474805,3854434.5104968315,403893.0
-2699376.1422780706,-4293810.648460504,3854435.6103606527,403894.0
-2699379.556479051,-4293797.458840808,3854435.5526724095,403895.0
-2699385.99802258,-4293790.63276592,3854440.6024060887,403896.0
-2699373.2905026297,-4293779.4189078305,3854419.359183171,403897.0
-2699394.0745703033,-4293762.965756219,3854447.0422393475,403898.0
-2699390.429292506,-4293761.012397773,3854433.66894562,403899.0
-2699397.2509097015,-4293760.608329515,3854447.5726598334,403900.0
-2699409.648771211,-4293757.376704026,3854458.4636060363,403901.0
-2699414.911644019,-4293752.737637923,3854465.4738539658,403902.0
-2699423.7362918514,-4293739.126704235,3854468.895204046,403903.0
-2699423.0871222196,-4293739.989281642,3854466.788378058,403904.0
-2699430.218831908,-4293733.083385363,3854476.811748098,403905.0
-2699434.2635228354,-4293729.47822561,3854482.8049453385,403906.0
-2699438.2141297935,-4293726.113643565,3854486.1460409244,403907.0
-2699439.9094094117,-4293720.620174273,3854487.0909661436,403908.0
-2699443.3561302735,-4293720.92960552,3854489.4892785414,403909.0
-2699447.2577358275,-4293722.289339054,3854489.0401779264,403910.0
-2699454.5320800277,-4293728.852225687,3854491.9115502182,403911.0
-2699450.1882214127,-4293730.217552811,3854492.5001166146,403912.0
-2699440.529773677,-4293719.448190344,3854492.1152358265,403913.0
-2699440.780782788,-4293724.101795784,3854485.3721127,403914.0
-2699451.687531683,-4293727.057102226,3854497.410256758,403915.0
-2699454.9559543855,-4293726.238791783,3854498.933514048,403916.0
-2699453.1169659123,-4293719.532298216,3854504.2638220154,403917.0
-2699453.833282544,-4293712.072723016,3854507.11323791,403918.0
-2699456.0718586864,-4293689.689394499,3854506.0591858216,403919.0
-2699463.621545677,-4293706.071092437,3854515.1647484815,403920.0
-2699464.842263486,-4293707.045352157,3854526.6816742183,403921.0
-2699472.1886129496,-4293703.80556783,3854525.1535604256,403922.0
-2699478.300342274,-4293690.61289035,3854525.5368450196,403923.0
-2699482.2819295432,-4293680.026861923,3854529.5846452224,403924.0
-2699480.3175733667,-4293668.552715519,3854523.7977557704,403925.0
-2699486.114756223,-4293659.159623642,3854529.8230199404,403926.0
-2699499.9854784664,-4293652.718061298,3854532.5100617446,403927.0
-2699504.305831344,-4293643.977707719,3854541.803535011,403928.0
-2699507.3836981477,-4293631.201730211,3854554.8162866,403929.0
-2699512.8995503504,-4293622.300411652,3854564.798247749,403930.0
-2699512.234569061,-4293608.631185294,3854572.671009704,403931.0
-2699517.0251559713,-4293595.408062141,3854579.983300439,403932.0
-2699519.934605016,-4293583.092291318,3854586.2246771445,403933.0
-2699526.081373352,-4293573.970330384,3854593.7767978394,403934.0
-2699529.4502204675,-4293560.781493532,3854599.0861785747,403935.0
-2699536.8404417313,-4293554.758382312,3854608.338777524,403936.0
-2699544.4550265986,-4293547.853974455,3854618.5108263534,403937.0
-2699549.1072078617,-4293538.323476198,3854622.8879431724,403938.0
-2699556.292688323,-4293530.435369677,3854627.2078251005,403939.0
-2699557.1468757545,-4293521.781063936,3854635.037852383,403940.0
-2699556.427346316,-4293508.155778495,3854643.353709348,403941.0
-2699563.092891156,-4293505.994172666,3854653.891292322,403942.0
-2699570.360489351,-4293509.519990698,3854665.276286396,403943.0
-2699571.467988558,-4293500.279066274,3854672.7962696236,403944.0
-2699574.3092308203,-4293488.096535722,3854674.5974065564,403945.0
-2699579.24309506,-4293479.040439456,3854679.9035111843,403946.0
-2699584.2340590027,-4293464.206826042,3854682.9819269706,403947.0
-2699602.7505874927,-4293466.812732828,3854707.569679223,403948.0
-2699602.0267929006,-4293457.140990598,3854707.4428947247,403949.0
-2699603.5658650314,-4293449.576871001,3854710.1387606743,403950.0
-2699594.5443205,-4293446.338885935,3854704.5081120557,403951.0
-2699597.1400567642,-4293436.6642337395,3854704.8859338956,403952.0
-2699599.4866338214,-4293436.335658591,3854714.8680120395,403953.0
-2699599.68634173,-4293434.1099010585,3854717.393179555,403954.0
-2699600.869962972,-4293427.517071906,3854718.5554239172,403955.0
-2699604.748933082,-4293424.930011841,3854719.7222650913,403956.0
-2699607.0427649585,-4293423.678787099,3854726.9681545305,403957.0
-2699608.872301411,-4293421.556954765,3854728.607277195,403958.0
-2699607.9945993586,-4293419.678988846,3854733.2208726862,403959.0
-2699605.082374026,-4293418.070225981,3854736.796083055,403960.0
-2699594.128320327,-4293414.3311835695,3854732.30767055,403961.0
-2699581.0721708667,-4293413.508870997,3854730.5167942895,403962.0
-2699593.1104558078,-4293415.723695687,3854752.8033728995,403963.0
-2699588.9740916495,-4293416.380767879,3854760.4341324065,403964.0
-2699583.0024046088,-4293417.526251761,3854765.2288542883,403965.0
-2699580.248878222,-4293419.09587013,3854771.6475221887,403966.0
-2699569.0166164935,-4293415.284500261,3854776.7646722407,403967.0
-2699562.7458364414,-4293416.882644086,3854780.6695330776,403968.0
-2699553.1178515996,-4293415.923541126,3854781.671767597,403969.0
-2699542.6493699127,-4293410.546893416,3854779.5589310485,403970.0
-2699532.3916542362,-4293414.075608008,3854774.6323356694,403971.0
-2699528.136810412,-4293413.140486916,3854776.6692271754,403972.0
-2699533.0596336783,-4293414.00989885,3854782.2923479574,403973.0
-2699527.67182636,-4293413.879416417,3854778.4216147843,403974.0
-2699530.3796242718,-4293419.310731728,3854774.0474399393,403975.0
-2699530.0130724893,-4293418.7240446145,3854771.990647549,403976.0
-2699528.9213563576,-4293420.544598428,3854766.953418285,403977.0
-2699526.907906627,-4293426.343003747,3854765.254510594,403978.0
-2699522.5891460767,-4293430.431772723,3854761.4199168882,403979.0
-2699519.554852805,-4293433.408588279,3854754.494613888,403980.0
-2699519.571582256,-4293445.314717674,3854756.056007709,403981.0
-2699516.694090115,-4293451.205618757,3854754.9039781136,403982.0
-2699513.657895631,-4293455.142674323,3854751.9930393873,403983.0
-2699509.791230443,-4293464.340944069,3854749.6873662528,403984.0
-2699509.8122934173,-4293458.702779136,3854734.208123871,403985.0
-2699510.7883684384,-4293484.10411205,3854741.1198999775,403986.0
-2699497.896570042,-4293481.144025938,3854730.1749149277,403987.0
-2699503.468192744,-4293485.388519059,3854733.070953539,403988.0
-2699493.4553900626,-4293488.92603636,3854720.9728767765,403989.0
-2699488.770665978,-4293493.868830337,3854713.9782095086,403990.0
-2699488.131154162,-4293499.7448207615,3854710.796014329,403991.0
-2699486.5398088396,-4293504.928572961,3854706.390902621,403992.0
-2699490.751087225,-4293512.473200125,3854703.6948406543,403993.0
-2699488.5576143,-4293515.017464149,3854706.660928192,403994.0
-2699489.859596039,-4293522.3678343175,3854705.9149672543,403995.0
-2699484.4420899553,-4293528.172345191,3854700.8476598347,403996.0
-2699481.6898985337,-4293530.358406634,3854698.223418222,403997.0
-2699476.882955474,-4293531.65920413,3854689.0329771633,403998.0
-2699478.2598148836,-4293541.6641846765,3854682.2627393883,403999.0
-2699474.426862575,-4293544.2909716135,3854678.661771909,404000.0
-2699472.17653834,-4293547.5771423,3854675.8964077635,404001.0
-2699467.3015624126,-4293551.520312416,3854670.1166481064,404002.0
-2699465.8340735123,-4293556.69943035,3854668.0244968794,404003.0
-2699463.6829222627,-4293559.102602275,3854666.995990097,404004.0
-2699460.8030011505,-4293560.86893977,3854663.789165641,404005.0
-2699458.8061291324,-4293563.568122238,3854662.9648821824,404006.0
-2699460.217803967,-4293572.349070781,3854661.086001785,404007.0
-2699456.085541602,-4293573.639944725,3854658.4493518965,404008.0
-2699452.589987547,-4293585.1450492535,3854657.8175296155,404009.0
-2699450.1815269315,-4293583.645900675,3854652.460914471,404010.0
-2699447.739615821,-4293591.089846699,3854644.9707166306,404011.0
-2699447.1208521514,-4293589.531759318,3854643.2725503165,404012.0
-2699444.811848294,-4293598.137805804,3854640.511024497,404013.0
-2699441.6012253566,-4293601.815404258,3854641.5510690724,404014.0
-2699443.449259153,-4293600.49855586,3854638.980866905,404015.0
-2699445.043948162,-4293598.969494854,3854639.2077418067,404016.0
-2699445.281874915,-4293598.298213519,3854639.1455045235,404017.0
